2026-02-02T09:39:22.491+03:00  INFO 45748 --- [coupon-service] [main] c.o.c.CouponServiceIntegrationTests      : Starting CouponServiceIntegrationTests using Java 22.0.2 with PID 45748 (started by cagla.boynuegri in C:\Users\cagla.boynuegri\IdeaProjects\coupon-service-demo\coupon-service)
2026-02-02T09:39:22.536+03:00 DEBUG 45748 --- [coupon-service] [main] c.o.c.CouponServiceIntegrationTests      : Running with Spring Boot v4.0.2, Spring v7.0.3
2026-02-02T09:39:22.545+03:00  INFO 45748 --- [coupon-service] [main] c.o.c.CouponServiceIntegrationTests      : No active profile set, falling back to 1 default profile: "default"
2026-02-02T09:39:40.836+03:00  INFO 45748 --- [coupon-service] [main] .s.d.r.c.RepositoryConfigurationDelegate : Multiple Spring Data modules found, entering strict repository configuration mode
2026-02-02T09:39:40.988+03:00  INFO 45748 --- [coupon-service] [main] .s.d.r.c.RepositoryConfigurationDelegate : Bootstrapping Spring Data JPA repositories in DEFAULT mode.
2026-02-02T09:39:51.181+03:00  INFO 45748 --- [coupon-service] [main] .s.d.r.c.RepositoryConfigurationDelegate : Finished Spring Data repository scanning in 9820 ms. Found 2 JPA repository interfaces.
2026-02-02T09:39:51.585+03:00  INFO 45748 --- [coupon-service] [main] .s.d.r.c.RepositoryConfigurationDelegate : Multiple Spring Data modules found, entering strict repository configuration mode
2026-02-02T09:39:51.597+03:00  INFO 45748 --- [coupon-service] [main] .s.d.r.c.RepositoryConfigurationDelegate : Bootstrapping Spring Data Redis repositories in DEFAULT mode.
2026-02-02T09:39:52.096+03:00  INFO 45748 --- [coupon-service] [main] .RepositoryConfigurationExtensionSupport : Spring Data Redis - Could not safely identify store assignment for repository candidate interface com.onepin.couponservice.repository.CouponRepository; If you want this repository to be a Redis repository, consider annotating your entities with one of these annotations: org.springframework.data.redis.core.RedisHash (preferred), or consider extending one of the following types with your repository: org.springframework.data.keyvalue.repository.KeyValueRepository
2026-02-02T09:39:52.359+03:00  INFO 45748 --- [coupon-service] [main] .RepositoryConfigurationExtensionSupport : Spring Data Redis - Could not safely identify store assignment for repository candidate interface com.onepin.couponservice.repository.RedemptionRepository; If you want this repository to be a Redis repository, consider annotating your entities with one of these annotations: org.springframework.data.redis.core.RedisHash (preferred), or consider extending one of the following types with your repository: org.springframework.data.keyvalue.repository.KeyValueRepository
2026-02-02T09:39:52.369+03:00  INFO 45748 --- [coupon-service] [main] .s.d.r.c.RepositoryConfigurationDelegate : Finished Spring Data repository scanning in 638 ms. Found 0 Redis repository interfaces.
2026-02-02T09:40:04.323+03:00  INFO 45748 --- [coupon-service] [main] o.s.boot.tomcat.TomcatWebServer          : Tomcat initialized with port 0 (http)
2026-02-02T09:40:04.524+03:00  INFO 45748 --- [coupon-service] [main] o.apache.catalina.core.StandardService   : Starting service [Tomcat]
2026-02-02T09:40:04.537+03:00  INFO 45748 --- [coupon-service] [main] o.apache.catalina.core.StandardEngine    : Starting Servlet engine: [Apache Tomcat/11.0.15]
2026-02-02T09:40:06.287+03:00  INFO 45748 --- [coupon-service] [main] b.w.c.s.WebApplicationContextInitializer : Root WebApplicationContext: initialization completed in 43319 ms
2026-02-02T09:40:14.561+03:00  INFO 45748 --- [coupon-service] [main] org.hibernate.orm.jpa                    : HHH008540: Processing PersistenceUnitInfo [name: default]
2026-02-02T09:40:16.367+03:00  INFO 45748 --- [coupon-service] [main] org.hibernate.orm.core                   : HHH000001: Hibernate ORM core version 7.2.1.Final
2026-02-02T09:40:25.451+03:00  INFO 45748 --- [coupon-service] [main] o.s.o.j.p.SpringPersistenceUnitInfo      : No LoadTimeWeaver setup: ignoring JPA class transformer
2026-02-02T09:40:25.850+03:00  INFO 45748 --- [coupon-service] [main] com.zaxxer.hikari.HikariDataSource       : HikariPool-1 - Starting...
2026-02-02T09:40:28.469+03:00  INFO 45748 --- [coupon-service] [main] com.zaxxer.hikari.pool.HikariPool        : HikariPool-1 - Added connection conn0: url=jdbc:h2:mem:testdb user=SA
2026-02-02T09:40:28.500+03:00  INFO 45748 --- [coupon-service] [main] com.zaxxer.hikari.HikariDataSource       : HikariPool-1 - Start completed.
2026-02-02T09:40:29.575+03:00  WARN 45748 --- [coupon-service] [main] org.hibernate.orm.deprecation            : HHH90000025: H2Dialect does not need to be specified explicitly using 'hibernate.dialect' (remove the property setting and it will be selected by default)
2026-02-02T09:40:30.227+03:00  INFO 45748 --- [coupon-service] [main] org.hibernate.orm.connections.pooling    : HHH10001005: Database info:
	Database JDBC URL [jdbc:h2:mem:testdb]
	Database driver: H2 JDBC Driver
	Database dialect: H2Dialect
	Database version: 2.4.240
	Default catalog/schema: TESTDB/PUBLIC
	Autocommit mode: undefined/unknown
	Isolation level: READ_COMMITTED [default READ_COMMITTED]
	JDBC fetch size: 100
	Pool: DataSourceConnectionProvider
	Minimum pool size: undefined/unknown
	Maximum pool size: undefined/unknown
2026-02-02T09:40:45.187+03:00  INFO 45748 --- [coupon-service] [main] org.hibernate.orm.core                   : HHH000489: No JTA platform available (set 'hibernate.transaction.jta.platform' to enable JTA platform integration)
2026-02-02T09:40:45.963+03:00  INFO 45748 --- [coupon-service] [main] j.LocalContainerEntityManagerFactoryBean : Initialized JPA EntityManagerFactory for persistence unit 'default'
2026-02-02T09:40:47.293+03:00  INFO 45748 --- [coupon-service] [main] o.s.d.j.r.query.QueryEnhancerFactories   : Hibernate is in classpath; If applicable, HQL parser will be used.
2026-02-02T09:40:51.750+03:00  INFO 45748 --- [coupon-service] [main] org.redisson.Version                     : Redisson 4.1.0
2026-02-02T09:40:56.845+03:00  INFO 45748 --- [coupon-service] [redisson-netty-1-6] o.redisson.connection.ConnectionsHolder  : 1 connections initialized for localhost/127.0.0.1:6379
2026-02-02T09:40:57.581+03:00  INFO 45748 --- [coupon-service] [redisson-netty-1-20] o.redisson.connection.ConnectionsHolder  : 24 connections initialized for localhost/127.0.0.1:6379
2026-02-02T09:41:01.018+03:00  WARN 45748 --- [coupon-service] [main] JpaBaseConfiguration$JpaWebConfiguration : spring.jpa.open-in-view is enabled by default. Therefore, database queries may be performed during view rendering. Explicitly configure spring.jpa.open-in-view to disable this warning
2026-02-02T09:41:10.300+03:00  INFO 45748 --- [coupon-service] [main] o.a.c.c.C.[Tomcat].[localhost].[/]       : Initializing Spring TestDispatcherServlet ''
2026-02-02T09:41:10.321+03:00  INFO 45748 --- [coupon-service] [main] o.s.t.web.servlet.TestDispatcherServlet  : Initializing Servlet ''
2026-02-02T09:41:10.417+03:00  INFO 45748 --- [coupon-service] [main] o.s.b.a.e.web.EndpointLinksResolver      : Exposing 13 endpoints beneath base path '/actuator'
2026-02-02T09:41:10.759+03:00  INFO 45748 --- [coupon-service] [main] o.s.t.web.servlet.TestDispatcherServlet  : Completed initialization in 430 ms
2026-02-02T09:41:11.713+03:00  INFO 45748 --- [coupon-service] [main] o.s.boot.tomcat.TomcatWebServer          : Tomcat started on port 53128 (http) with context path '/'
2026-02-02T09:41:11.953+03:00  INFO 45748 --- [coupon-service] [main] c.o.c.CouponServiceIntegrationTests      : Started CouponServiceIntegrationTests in 113.702 seconds (process running for 134.043)
2026-02-02T09:41:12.129+03:00  INFO 45748 --- [coupon-service] [scheduling-1] c.o.couponservice.service.CouponService  : Starting scheduled purge of expired coupons
2026-02-02T09:41:18.975+03:00  INFO 45748 --- [coupon-service] [scheduling-1] c.o.couponservice.service.CouponService  : No expired unused coupons found to purge
2026-02-02T09:41:19.404+03:00  INFO 45748 --- [coupon-service] [main] org.testcontainers.images.PullPolicy     : Image pull policy will be performed by: DefaultPullPolicy()
2026-02-02T09:41:19.427+03:00  INFO 45748 --- [coupon-service] [main] o.t.utility.ImageNameSubstitutor         : Image name substitution will be performed by: DefaultImageNameSubstitutor (composite of 'ConfigurationFileImageNameSubstitutor' and 'PrefixingImageNameSubstitutor')
2026-02-02T09:41:19.502+03:00  INFO 45748 --- [coupon-service] [main] org.testcontainers.DockerClientFactory   : Testcontainers version: 2.0.3
2026-02-02T09:41:22.475+03:00  INFO 45748 --- [coupon-service] [main] o.t.d.DockerClientProviderStrategy       : Loaded org.testcontainers.dockerclient.NpipeSocketClientProviderStrategy from ~/.testcontainers.properties, will try it first
2026-02-02T09:41:28.346+03:00  INFO 45748 --- [coupon-service] [main] o.t.d.DockerClientProviderStrategy       : Found Docker environment with local Npipe socket (npipe:////./pipe/docker_engine)
2026-02-02T09:41:28.359+03:00  INFO 45748 --- [coupon-service] [main] org.testcontainers.DockerClientFactory   : Docker host IP address is localhost
2026-02-02T09:41:28.623+03:00  INFO 45748 --- [coupon-service] [main] org.testcontainers.DockerClientFactory   : Connected to docker: 
  Server Version: 29.1.5
  API Version: 1.52
  Operating System: Docker Desktop
  Total Memory: 7836 MB
  Labels: 
    com.docker.desktop.address=npipe://\\.\pipe\docker_cli
2026-02-02T09:41:29.611+03:00  INFO 45748 --- [coupon-service] [main] tc.testcontainers/ryuk:0.13.0            : Creating container for image: testcontainers/ryuk:0.13.0
2026-02-02T09:41:36.799+03:00  INFO 45748 --- [coupon-service] [main] tc.testcontainers/ryuk:0.13.0            : Container testcontainers/ryuk:0.13.0 is starting: 3f3b72898ce82604c37a2b399d262adb1a1b330d76d96d0daa8a01a6e0f60f21
2026-02-02T09:41:50.675+03:00  INFO 45748 --- [coupon-service] [main] tc.testcontainers/ryuk:0.13.0            : Container testcontainers/ryuk:0.13.0 started in PT21.0637333S
2026-02-02T09:41:50.724+03:00  INFO 45748 --- [coupon-service] [main] o.t.utility.RyukResourceReaper           : Ryuk started - will monitor and terminate Testcontainers containers on JVM exit
2026-02-02T09:41:50.726+03:00  INFO 45748 --- [coupon-service] [main] org.testcontainers.DockerClientFactory   : Checking the system...
2026-02-02T09:41:50.729+03:00  INFO 45748 --- [coupon-service] [main] org.testcontainers.DockerClientFactory   : ✔︎ Docker server version should be at least 1.6.0
2026-02-02T09:41:50.733+03:00  INFO 45748 --- [coupon-service] [main] tc.redis:6.2.6                           : Creating container for image: redis:6.2.6
2026-02-02T09:41:52.314+03:00  INFO 45748 --- [coupon-service] [main] tc.redis:6.2.6                           : Container redis:6.2.6 is starting: ad5f524390f5fe12ad4329d3822dcede95843f6daa68759f34509dc70cf2f9fa
2026-02-02T09:41:56.669+03:00  INFO 45748 --- [coupon-service] [main] tc.redis:6.2.6                           : Container redis:6.2.6 started in PT5.9363486S
2026-02-02T09:41:57.057+03:00  INFO 45748 --- [coupon-service] [pool-2-thread-1] c.o.couponservice.service.CouponService  : Requesting new coupon for user: user-0, type: MEGADEAL
2026-02-02T09:41:57.057+03:00  INFO 45748 --- [coupon-service] [pool-2-thread-2] c.o.couponservice.service.CouponService  : Requesting new coupon for user: user-1, type: MEGADEAL
2026-02-02T09:41:57.059+03:00 DEBUG 45748 --- [coupon-service] [pool-2-thread-2] c.o.couponservice.service.CouponService  : Handling MEGADEAL request for user: user-1
2026-02-02T09:41:57.057+03:00  INFO 45748 --- [coupon-service] [pool-2-thread-5] c.o.couponservice.service.CouponService  : Requesting new coupon for user: user-4, type: MEGADEAL
2026-02-02T09:41:57.062+03:00 DEBUG 45748 --- [coupon-service] [pool-2-thread-5] c.o.couponservice.service.CouponService  : Handling MEGADEAL request for user: user-4
2026-02-02T09:41:57.060+03:00 DEBUG 45748 --- [coupon-service] [pool-2-thread-1] c.o.couponservice.service.CouponService  : Handling MEGADEAL request for user: user-0
2026-02-02T09:41:57.076+03:00  INFO 45748 --- [coupon-service] [pool-2-thread-9] c.o.couponservice.service.CouponService  : Requesting new coupon for user: user-8, type: MEGADEAL
2026-02-02T09:41:57.077+03:00 DEBUG 45748 --- [coupon-service] [pool-2-thread-9] c.o.couponservice.service.CouponService  : Handling MEGADEAL request for user: user-8
2026-02-02T09:41:57.098+03:00  INFO 45748 --- [coupon-service] [pool-2-thread-3] c.o.couponservice.service.CouponService  : Requesting new coupon for user: user-2, type: MEGADEAL
2026-02-02T09:41:57.101+03:00 DEBUG 45748 --- [coupon-service] [pool-2-thread-3] c.o.couponservice.service.CouponService  : Handling MEGADEAL request for user: user-2
2026-02-02T09:41:57.137+03:00  INFO 45748 --- [coupon-service] [pool-2-thread-10] c.o.couponservice.service.CouponService  : Requesting new coupon for user: user-9, type: MEGADEAL
2026-02-02T09:41:57.140+03:00 DEBUG 45748 --- [coupon-service] [pool-2-thread-10] c.o.couponservice.service.CouponService  : Handling MEGADEAL request for user: user-9
2026-02-02T09:41:57.250+03:00  INFO 45748 --- [coupon-service] [pool-2-thread-4] c.o.couponservice.service.CouponService  : Requesting new coupon for user: user-3, type: MEGADEAL
2026-02-02T09:41:57.272+03:00 DEBUG 45748 --- [coupon-service] [pool-2-thread-4] c.o.couponservice.service.CouponService  : Handling MEGADEAL request for user: user-3
2026-02-02T09:41:57.281+03:00  INFO 45748 --- [coupon-service] [pool-2-thread-7] c.o.couponservice.service.CouponService  : Requesting new coupon for user: user-6, type: MEGADEAL
2026-02-02T09:41:57.282+03:00 DEBUG 45748 --- [coupon-service] [pool-2-thread-7] c.o.couponservice.service.CouponService  : Handling MEGADEAL request for user: user-6
2026-02-02T09:41:57.348+03:00  INFO 45748 --- [coupon-service] [pool-2-thread-8] c.o.couponservice.service.CouponService  : Requesting new coupon for user: user-7, type: MEGADEAL
2026-02-02T09:41:57.349+03:00 DEBUG 45748 --- [coupon-service] [pool-2-thread-8] c.o.couponservice.service.CouponService  : Handling MEGADEAL request for user: user-7
2026-02-02T09:41:57.414+03:00  INFO 45748 --- [coupon-service] [pool-2-thread-11] c.o.couponservice.service.CouponService  : Requesting new coupon for user: user-10, type: MEGADEAL
2026-02-02T09:41:57.418+03:00 DEBUG 45748 --- [coupon-service] [pool-2-thread-11] c.o.couponservice.service.CouponService  : Handling MEGADEAL request for user: user-10
2026-02-02T09:41:57.825+03:00  INFO 45748 --- [coupon-service] [pool-2-thread-5] c.o.couponservice.service.CouponService  : Generated new coupon: 937b3009-3a28-40f3-a5aa-fcdae582e310 of type: MEGADEAL
2026-02-02T09:41:57.825+03:00  INFO 45748 --- [coupon-service] [pool-2-thread-2] c.o.couponservice.service.CouponService  : Generated new coupon: e30e90c3-bca9-4d69-85cd-f5f80f3e8dd5 of type: MEGADEAL
2026-02-02T09:41:57.825+03:00  INFO 45748 --- [coupon-service] [pool-2-thread-3] c.o.couponservice.service.CouponService  : Generated new coupon: 207ba2a8-e702-4351-af10-1ac449d6e843 of type: MEGADEAL
2026-02-02T09:41:57.825+03:00  INFO 45748 --- [coupon-service] [pool-2-thread-1] c.o.couponservice.service.CouponService  : Generated new coupon: f85d5237-3eaf-4194-bff4-9f921f5e2a05 of type: MEGADEAL
2026-02-02T09:41:57.830+03:00  INFO 45748 --- [coupon-service] [pool-2-thread-9] c.o.couponservice.service.CouponService  : Generated new coupon: 629665a7-ee2e-4b5a-8bd1-20139e1234a4 of type: MEGADEAL
2026-02-02T09:41:57.929+03:00  INFO 45748 --- [coupon-service] [pool-2-thread-10] c.o.couponservice.service.CouponService  : Generated new coupon: 8ba53fff-9228-4e1b-a2be-72257a38526c of type: MEGADEAL
2026-02-02T09:41:57.935+03:00  INFO 45748 --- [coupon-service] [pool-2-thread-7] c.o.couponservice.service.CouponService  : Generated new coupon: 8fbfc30e-3872-44d6-b818-8f40b021d730 of type: MEGADEAL
2026-02-02T09:41:57.938+03:00  INFO 45748 --- [coupon-service] [pool-2-thread-11] c.o.couponservice.service.CouponService  : Generated new coupon: 3b63766f-6808-493d-a6d2-3e58c91ab9fb of type: MEGADEAL
2026-02-02T09:41:57.942+03:00  INFO 45748 --- [coupon-service] [pool-2-thread-4] c.o.couponservice.service.CouponService  : Generated new coupon: 7a0d74fd-e565-494c-8410-a6d94ec697ed of type: MEGADEAL
2026-02-02T09:41:57.959+03:00  INFO 45748 --- [coupon-service] [pool-2-thread-8] c.o.couponservice.service.CouponService  : Generated new coupon: 6b1933fa-46f8-4906-babc-ad0a01078c0b of type: MEGADEAL
2026-02-02T09:41:58.097+03:00  INFO 45748 --- [coupon-service] [pool-2-thread-6] c.o.couponservice.service.CouponService  : Requesting new coupon for user: user-5, type: MEGADEAL
2026-02-02T09:41:58.099+03:00 DEBUG 45748 --- [coupon-service] [pool-2-thread-6] c.o.couponservice.service.CouponService  : Handling MEGADEAL request for user: user-5
2026-02-02T09:41:58.354+03:00  INFO 45748 --- [coupon-service] [pool-2-thread-6] c.o.couponservice.service.CouponService  : Generated new coupon: 0792eddd-2699-472d-b237-14da2ac8bdaf of type: MEGADEAL
2026-02-02T09:42:01.480+03:00  INFO 45748 --- [coupon-service] [main] tc.redis:6.2.6                           : Creating container for image: redis:6.2.6
2026-02-02T09:42:02.517+03:00  INFO 45748 --- [coupon-service] [main] tc.redis:6.2.6                           : Container redis:6.2.6 is starting: 0b720b7dd9faec7a3c6fe8a2b55e3814cab7cd6d8f839382d304333da0b29f75
2026-02-02T09:42:08.367+03:00  INFO 45748 --- [coupon-service] [main] tc.redis:6.2.6                           : Container redis:6.2.6 started in PT6.8860433S
2026-02-02T09:42:11.135+03:00  INFO 45748 --- [coupon-service] [pool-3-thread-2] c.o.c.controller.CouponController        : Received redemption request for coupon: CONCURRENT-123
2026-02-02T09:42:11.140+03:00  INFO 45748 --- [coupon-service] [pool-3-thread-2] c.o.couponservice.service.CouponService  : Redeeming coupon: CONCURRENT-123 for user: user-2
2026-02-02T09:42:11.155+03:00  INFO 45748 --- [coupon-service] [pool-3-thread-1] c.o.c.controller.CouponController        : Received redemption request for coupon: CONCURRENT-123
2026-02-02T09:42:11.158+03:00  INFO 45748 --- [coupon-service] [pool-3-thread-1] c.o.couponservice.service.CouponService  : Redeeming coupon: CONCURRENT-123 for user: user-1
2026-02-02T09:42:11.686+03:00  INFO 45748 --- [coupon-service] [pool-3-thread-1] c.o.couponservice.service.CouponService  : Successfully redeemed coupon: CONCURRENT-123
2026-02-02T09:42:11.712+03:00  INFO 45748 --- [coupon-service] [pool-3-thread-2] c.o.couponservice.service.CouponService  : Successfully redeemed coupon: CONCURRENT-123
2026-02-02T09:42:11.932+03:00  WARN 45748 --- [coupon-service] [pool-3-thread-1] c.o.c.exception.GlobalExceptionHandler   : Optimistic locking failure: Unexpected row count (expected row count 1 but was 0) [update coupons set current_usages=?,discount_amount=?,expiry_date=?,is_percentage=?,max_usages=?,type=?,version=? where code=? and version=?] for entity [com.onepin.couponservice.model.Coupon with id 'CONCURRENT-123']
2026-02-02T09:42:11.928+03:00  INFO 45748 --- [coupon-service] [scheduling-1] c.o.couponservice.service.CouponService  : Starting scheduled purge of expired coupons
2026-02-02T09:42:12.013+03:00  INFO 45748 --- [coupon-service] [scheduling-1] c.o.couponservice.service.CouponService  : No expired unused coupons found to purge
2026-02-02T09:42:12.911+03:00  INFO 45748 --- [coupon-service] [main] tc.redis:6.2.6                           : Creating container for image: redis:6.2.6
2026-02-02T09:42:14.259+03:00  INFO 45748 --- [coupon-service] [main] tc.redis:6.2.6                           : Container redis:6.2.6 is starting: 8eaabef69f27e1f144b04da46cc028f37ddb6606feb1bce15b6dabd26d5ded41
2026-02-02T09:42:19.855+03:00  INFO 45748 --- [coupon-service] [main] tc.redis:6.2.6                           : Container redis:6.2.6 started in PT6.9451608S
2026-02-02T09:42:19.960+03:00  INFO 45748 --- [coupon-service] [pool-4-thread-4] c.o.c.controller.CouponController        : Received request for new coupon from user: user-3
2026-02-02T09:42:19.962+03:00  INFO 45748 --- [coupon-service] [pool-4-thread-4] c.o.couponservice.service.CouponService  : Requesting new coupon for user: user-3, type: MEGADEAL
2026-02-02T09:42:19.962+03:00  INFO 45748 --- [coupon-service] [pool-4-thread-5] c.o.c.controller.CouponController        : Received request for new coupon from user: user-4
2026-02-02T09:42:19.962+03:00 DEBUG 45748 --- [coupon-service] [pool-4-thread-4] c.o.couponservice.service.CouponService  : Handling MEGADEAL request for user: user-3
2026-02-02T09:42:19.964+03:00  INFO 45748 --- [coupon-service] [pool-4-thread-5] c.o.couponservice.service.CouponService  : Requesting new coupon for user: user-4, type: MEGADEAL
2026-02-02T09:42:19.965+03:00 DEBUG 45748 --- [coupon-service] [pool-4-thread-5] c.o.couponservice.service.CouponService  : Handling MEGADEAL request for user: user-4
2026-02-02T09:42:19.976+03:00  INFO 45748 --- [coupon-service] [pool-4-thread-2] c.o.c.controller.CouponController        : Received request for new coupon from user: user-1
2026-02-02T09:42:19.980+03:00  INFO 45748 --- [coupon-service] [pool-4-thread-1] c.o.c.controller.CouponController        : Received request for new coupon from user: user-0
2026-02-02T09:42:19.983+03:00  INFO 45748 --- [coupon-service] [pool-4-thread-2] c.o.couponservice.service.CouponService  : Requesting new coupon for user: user-1, type: MEGADEAL
2026-02-02T09:42:19.987+03:00 DEBUG 45748 --- [coupon-service] [pool-4-thread-2] c.o.couponservice.service.CouponService  : Handling MEGADEAL request for user: user-1
2026-02-02T09:42:19.982+03:00  INFO 45748 --- [coupon-service] [pool-4-thread-1] c.o.couponservice.service.CouponService  : Requesting new coupon for user: user-0, type: MEGADEAL
2026-02-02T09:42:19.991+03:00 DEBUG 45748 --- [coupon-service] [pool-4-thread-1] c.o.couponservice.service.CouponService  : Handling MEGADEAL request for user: user-0
2026-02-02T09:42:19.994+03:00  INFO 45748 --- [coupon-service] [pool-4-thread-3] c.o.c.controller.CouponController        : Received request for new coupon from user: user-2
2026-02-02T09:42:20.023+03:00  INFO 45748 --- [coupon-service] [pool-4-thread-3] c.o.couponservice.service.CouponService  : Requesting new coupon for user: user-2, type: MEGADEAL
2026-02-02T09:42:20.024+03:00  INFO 45748 --- [coupon-service] [pool-4-thread-6] c.o.c.controller.CouponController        : Received request for new coupon from user: user-5
2026-02-02T09:42:20.025+03:00 DEBUG 45748 --- [coupon-service] [pool-4-thread-3] c.o.couponservice.service.CouponService  : Handling MEGADEAL request for user: user-2
2026-02-02T09:42:20.033+03:00  INFO 45748 --- [coupon-service] [pool-4-thread-6] c.o.couponservice.service.CouponService  : Requesting new coupon for user: user-5, type: MEGADEAL
2026-02-02T09:42:20.037+03:00 DEBUG 45748 --- [coupon-service] [pool-4-thread-6] c.o.couponservice.service.CouponService  : Handling MEGADEAL request for user: user-5
2026-02-02T09:42:20.084+03:00  INFO 45748 --- [coupon-service] [pool-4-thread-4] c.o.couponservice.service.CouponService  : Generated new coupon: a7df9799-4596-4ea3-afe6-0cdd194494b2 of type: MEGADEAL
2026-02-02T09:42:20.085+03:00  INFO 45748 --- [coupon-service] [pool-4-thread-5] c.o.couponservice.service.CouponService  : Generated new coupon: c1c97534-0e90-4fe3-bdaa-1a2d866b46d4 of type: MEGADEAL
2026-02-02T09:42:20.085+03:00  INFO 45748 --- [coupon-service] [pool-4-thread-1] c.o.couponservice.service.CouponService  : Generated new coupon: 52db3e27-52cf-4edc-89a8-4e3239593ac0 of type: MEGADEAL
2026-02-02T09:42:20.209+03:00  INFO 45748 --- [coupon-service] [pool-4-thread-6] c.o.couponservice.service.CouponService  : Generated new coupon: 025a45c4-2ea9-401c-af2e-106c2bf3e358 of type: MEGADEAL
2026-02-02T09:42:20.267+03:00  INFO 45748 --- [coupon-service] [pool-4-thread-2] c.o.couponservice.service.CouponService  : Generated new coupon: 62c4c10d-a872-4b43-9c22-100ac1298518 of type: MEGADEAL
2026-02-02T09:42:20.345+03:00  INFO 45748 --- [coupon-service] [pool-4-thread-3] c.o.couponservice.service.CouponService  : Generated new coupon: 3333f780-4dad-4193-a4d5-60d66c59163e of type: MEGADEAL
2026-02-02T09:42:20.810+03:00  INFO 45748 --- [coupon-service] [main] tc.redis:6.2.6                           : Creating container for image: redis:6.2.6
2026-02-02T09:42:21.912+03:00  INFO 45748 --- [coupon-service] [main] tc.redis:6.2.6                           : Container redis:6.2.6 is starting: 6df8f0296558c329969fe7ff1d22b3518676b5a5bdac09922ad2a2d66ee4f113
2026-02-02T09:42:25.176+03:00  INFO 45748 --- [coupon-service] [main] tc.redis:6.2.6                           : Container redis:6.2.6 started in PT4.3665001S
2026-02-02T09:42:25.204+03:00  INFO 45748 --- [coupon-service] [pool-5-thread-5] c.o.couponservice.service.CouponService  : Requesting new coupon for user: user-setup-4, type: MEGADEAL
2026-02-02T09:42:25.210+03:00  INFO 45748 --- [coupon-service] [pool-5-thread-1] c.o.couponservice.service.CouponService  : Requesting new coupon for user: user-setup-0, type: MEGADEAL
2026-02-02T09:42:25.210+03:00  INFO 45748 --- [coupon-service] [pool-5-thread-2] c.o.couponservice.service.CouponService  : Requesting new coupon for user: user-setup-1, type: MEGADEAL
2026-02-02T09:42:25.211+03:00 DEBUG 45748 --- [coupon-service] [pool-5-thread-1] c.o.couponservice.service.CouponService  : Handling MEGADEAL request for user: user-setup-0
2026-02-02T09:42:25.212+03:00 DEBUG 45748 --- [coupon-service] [pool-5-thread-2] c.o.couponservice.service.CouponService  : Handling MEGADEAL request for user: user-setup-1
2026-02-02T09:42:25.210+03:00 DEBUG 45748 --- [coupon-service] [pool-5-thread-5] c.o.couponservice.service.CouponService  : Handling MEGADEAL request for user: user-setup-4
2026-02-02T09:42:25.216+03:00  INFO 45748 --- [coupon-service] [pool-5-thread-9] c.o.couponservice.service.CouponService  : Requesting new coupon for user: user-setup-8, type: MEGADEAL
2026-02-02T09:42:25.215+03:00  INFO 45748 --- [coupon-service] [pool-5-thread-6] c.o.couponservice.service.CouponService  : Requesting new coupon for user: user-setup-5, type: MEGADEAL
2026-02-02T09:42:25.217+03:00 DEBUG 45748 --- [coupon-service] [pool-5-thread-6] c.o.couponservice.service.CouponService  : Handling MEGADEAL request for user: user-setup-5
2026-02-02T09:42:25.226+03:00  INFO 45748 --- [coupon-service] [pool-5-thread-10] c.o.couponservice.service.CouponService  : Requesting new coupon for user: user-setup-9, type: MEGADEAL
2026-02-02T09:42:25.228+03:00 DEBUG 45748 --- [coupon-service] [pool-5-thread-10] c.o.couponservice.service.CouponService  : Handling MEGADEAL request for user: user-setup-9
2026-02-02T09:42:25.250+03:00  INFO 45748 --- [coupon-service] [pool-5-thread-3] c.o.couponservice.service.CouponService  : Requesting new coupon for user: user-setup-2, type: MEGADEAL
2026-02-02T09:42:25.251+03:00 DEBUG 45748 --- [coupon-service] [pool-5-thread-3] c.o.couponservice.service.CouponService  : Handling MEGADEAL request for user: user-setup-2
2026-02-02T09:42:25.217+03:00 DEBUG 45748 --- [coupon-service] [pool-5-thread-9] c.o.couponservice.service.CouponService  : Handling MEGADEAL request for user: user-setup-8
2026-02-02T09:42:25.282+03:00  INFO 45748 --- [coupon-service] [pool-5-thread-4] c.o.couponservice.service.CouponService  : Requesting new coupon for user: user-setup-3, type: MEGADEAL
2026-02-02T09:42:25.286+03:00 DEBUG 45748 --- [coupon-service] [pool-5-thread-4] c.o.couponservice.service.CouponService  : Handling MEGADEAL request for user: user-setup-3
2026-02-02T09:42:25.316+03:00  INFO 45748 --- [coupon-service] [pool-5-thread-7] c.o.couponservice.service.CouponService  : Requesting new coupon for user: user-setup-6, type: MEGADEAL
2026-02-02T09:42:25.317+03:00 DEBUG 45748 --- [coupon-service] [pool-5-thread-7] c.o.couponservice.service.CouponService  : Handling MEGADEAL request for user: user-setup-6
2026-02-02T09:42:25.330+03:00  INFO 45748 --- [coupon-service] [pool-5-thread-8] c.o.couponservice.service.CouponService  : Requesting new coupon for user: user-setup-7, type: MEGADEAL
2026-02-02T09:42:25.331+03:00 DEBUG 45748 --- [coupon-service] [pool-5-thread-8] c.o.couponservice.service.CouponService  : Handling MEGADEAL request for user: user-setup-7
2026-02-02T09:42:25.336+03:00  INFO 45748 --- [coupon-service] [pool-5-thread-5] c.o.couponservice.service.CouponService  : Generated new coupon: d72992cb-8c31-4266-9544-87142a80e44a of type: MEGADEAL
2026-02-02T09:42:25.336+03:00  INFO 45748 --- [coupon-service] [pool-5-thread-2] c.o.couponservice.service.CouponService  : Generated new coupon: 0832ed29-72d5-45c7-b635-11ce54f39ea8 of type: MEGADEAL
2026-02-02T09:42:25.347+03:00  INFO 45748 --- [coupon-service] [pool-5-thread-1] c.o.couponservice.service.CouponService  : Generated new coupon: a5e674f8-b7e5-4553-bf4d-d0326ca58708 of type: MEGADEAL
2026-02-02T09:42:25.350+03:00  INFO 45748 --- [coupon-service] [pool-5-thread-6] c.o.couponservice.service.CouponService  : Generated new coupon: d3367953-e3db-4ea5-8bb3-de755c65a203 of type: MEGADEAL
2026-02-02T09:42:25.382+03:00  INFO 45748 --- [coupon-service] [pool-5-thread-10] c.o.couponservice.service.CouponService  : Generated new coupon: eae14c50-27e8-477c-8836-29175e2356e5 of type: MEGADEAL
2026-02-02T09:42:25.411+03:00  INFO 45748 --- [coupon-service] [pool-5-thread-4] c.o.couponservice.service.CouponService  : Generated new coupon: 43f0b991-8914-4748-aba6-b26ac962c2ee of type: MEGADEAL
2026-02-02T09:42:25.416+03:00  INFO 45748 --- [coupon-service] [pool-5-thread-8] c.o.couponservice.service.CouponService  : Generated new coupon: a1f5c5c4-2cc1-4994-ac74-c781bca57fc0 of type: MEGADEAL
2026-02-02T09:42:25.417+03:00  INFO 45748 --- [coupon-service] [pool-5-thread-3] c.o.couponservice.service.CouponService  : Generated new coupon: 2a4a77e2-fb4c-4a1d-8f8b-a971ef3b92fb of type: MEGADEAL
2026-02-02T09:42:25.434+03:00  INFO 45748 --- [coupon-service] [pool-5-thread-7] c.o.couponservice.service.CouponService  : Generated new coupon: 664d57f1-e0c2-46ff-8242-112fb9acebac of type: MEGADEAL
2026-02-02T09:42:25.496+03:00  INFO 45748 --- [coupon-service] [pool-5-thread-9] c.o.couponservice.service.CouponService  : Generated new coupon: 29fbf12a-56fd-488f-a9c4-b533d715e003 of type: MEGADEAL
2026-02-02T09:42:25.571+03:00  INFO 45748 --- [coupon-service] [pool-6-thread-1] c.o.couponservice.service.CouponService  : Requesting new coupon for user: user-wait, type: MEGADEAL
2026-02-02T09:42:25.573+03:00 DEBUG 45748 --- [coupon-service] [pool-6-thread-1] c.o.couponservice.service.CouponService  : Handling MEGADEAL request for user: user-wait
2026-02-02T09:42:26.334+03:00  INFO 45748 --- [coupon-service] [pool-6-thread-1] c.o.couponservice.service.CouponService  : Generated new coupon: 67a49127-7e73-4c0b-82a4-ef65dffe0975 of type: MEGADEAL
2026-02-02T09:42:26.531+03:00  INFO 45748 --- [coupon-service] [main] tc.redis:6.2.6                           : Creating container for image: redis:6.2.6
2026-02-02T09:42:27.834+03:00  INFO 45748 --- [coupon-service] [main] tc.redis:6.2.6                           : Container redis:6.2.6 is starting: 77fe6b2d4fd9c9f55f37ed23a00d51aae25ec69599173f621ab5fb3d67689511
2026-02-02T09:42:34.007+03:00  INFO 45748 --- [coupon-service] [main] tc.redis:6.2.6                           : Container redis:6.2.6 started in PT7.4759379S
2026-02-02T09:42:34.118+03:00  INFO 45748 --- [coupon-service] [main] c.o.c.controller.CouponController        : Received redemption request for coupon: EXPIRED-123
2026-02-02T09:42:34.126+03:00  INFO 45748 --- [coupon-service] [main] c.o.couponservice.service.CouponService  : Redeeming coupon: EXPIRED-123 for user: user-1
2026-02-02T09:42:34.191+03:00  WARN 45748 --- [coupon-service] [main] c.o.couponservice.service.CouponService  : Coupon expired: EXPIRED-123
2026-02-02T09:42:34.610+03:00  INFO 45748 --- [coupon-service] [main] tc.redis:6.2.6                           : Creating container for image: redis:6.2.6
2026-02-02T09:42:35.921+03:00  INFO 45748 --- [coupon-service] [main] tc.redis:6.2.6                           : Container redis:6.2.6 is starting: 20bf688bc649811c7ce93e34e975b96075043c3e750b84aeb3693b764c3b784a
2026-02-02T09:42:40.058+03:00  INFO 45748 --- [coupon-service] [main] tc.redis:6.2.6                           : Container redis:6.2.6 started in PT5.4475516S
2026-02-02T09:42:40.080+03:00  INFO 45748 --- [coupon-service] [main] c.o.c.controller.CouponController        : Received redemption request for coupon: STANDARD-123
2026-02-02T09:42:40.082+03:00  INFO 45748 --- [coupon-service] [main] c.o.couponservice.service.CouponService  : Redeeming coupon: STANDARD-123 for user: user-1
2026-02-02T09:42:40.093+03:00  INFO 45748 --- [coupon-service] [main] c.o.couponservice.service.CouponService  : Successfully redeemed coupon: STANDARD-123
2026-02-02T09:42:40.195+03:00  INFO 45748 --- [coupon-service] [main] t.c.s.AnnotationConfigContextLoaderUtils : Could not detect default configuration classes for test class [com.onepin.couponservice.CouponServiceIntegrationTests$WhenRateLimitTimeoutIsZero]: WhenRateLimitTimeoutIsZero does not declare any static, non-private, non-final, nested classes annotated with @Configuration.
2026-02-02T09:42:40.227+03:00  INFO 45748 --- [coupon-service] [main] .b.t.c.SpringBootTestContextBootstrapper : Found @SpringBootConfiguration com.onepin.couponservice.CouponServiceApplication for test class com.onepin.couponservice.CouponServiceIntegrationTests$WhenRateLimitTimeoutIsZero
2026-02-02T09:42:40.450+03:00  INFO 45748 --- [coupon-service] [main] egrationTests$WhenRateLimitTimeoutIsZero : Starting CouponServiceIntegrationTests.WhenRateLimitTimeoutIsZero using Java 22.0.2 with PID 45748 (started by cagla.boynuegri in C:\Users\cagla.boynuegri\IdeaProjects\coupon-service-demo\coupon-service)
2026-02-02T09:42:40.458+03:00 DEBUG 45748 --- [coupon-service] [main] egrationTests$WhenRateLimitTimeoutIsZero : Running with Spring Boot v4.0.2, Spring v7.0.3
2026-02-02T09:42:40.459+03:00  INFO 45748 --- [coupon-service] [main] egrationTests$WhenRateLimitTimeoutIsZero : No active profile set, falling back to 1 default profile: "default"
2026-02-02T09:42:43.609+03:00  INFO 45748 --- [coupon-service] [main] .s.d.r.c.RepositoryConfigurationDelegate : Multiple Spring Data modules found, entering strict repository configuration mode
2026-02-02T09:42:43.610+03:00  INFO 45748 --- [coupon-service] [main] .s.d.r.c.RepositoryConfigurationDelegate : Bootstrapping Spring Data JPA repositories in DEFAULT mode.
2026-02-02T09:42:43.711+03:00  INFO 45748 --- [coupon-service] [main] .s.d.r.c.RepositoryConfigurationDelegate : Finished Spring Data repository scanning in 90 ms. Found 2 JPA repository interfaces.
2026-02-02T09:42:43.736+03:00  INFO 45748 --- [coupon-service] [main] .s.d.r.c.RepositoryConfigurationDelegate : Multiple Spring Data modules found, entering strict repository configuration mode
2026-02-02T09:42:43.738+03:00  INFO 45748 --- [coupon-service] [main] .s.d.r.c.RepositoryConfigurationDelegate : Bootstrapping Spring Data Redis repositories in DEFAULT mode.
2026-02-02T09:42:43.778+03:00  INFO 45748 --- [coupon-service] [main] .RepositoryConfigurationExtensionSupport : Spring Data Redis - Could not safely identify store assignment for repository candidate interface com.onepin.couponservice.repository.CouponRepository; If you want this repository to be a Redis repository, consider annotating your entities with one of these annotations: org.springframework.data.redis.core.RedisHash (preferred), or consider extending one of the following types with your repository: org.springframework.data.keyvalue.repository.KeyValueRepository
2026-02-02T09:42:43.779+03:00  INFO 45748 --- [coupon-service] [main] .RepositoryConfigurationExtensionSupport : Spring Data Redis - Could not safely identify store assignment for repository candidate interface com.onepin.couponservice.repository.RedemptionRepository; If you want this repository to be a Redis repository, consider annotating your entities with one of these annotations: org.springframework.data.redis.core.RedisHash (preferred), or consider extending one of the following types with your repository: org.springframework.data.keyvalue.repository.KeyValueRepository
2026-02-02T09:42:43.780+03:00  INFO 45748 --- [coupon-service] [main] .s.d.r.c.RepositoryConfigurationDelegate : Finished Spring Data repository scanning in 27 ms. Found 0 Redis repository interfaces.
2026-02-02T09:42:44.819+03:00  INFO 45748 --- [coupon-service] [main] o.s.boot.tomcat.TomcatWebServer          : Tomcat initialized with port 0 (http)
2026-02-02T09:42:44.842+03:00  INFO 45748 --- [coupon-service] [main] o.apache.catalina.core.StandardService   : Starting service [Tomcat]
2026-02-02T09:42:44.845+03:00  INFO 45748 --- [coupon-service] [main] o.apache.catalina.core.StandardEngine    : Starting Servlet engine: [Apache Tomcat/11.0.15]
2026-02-02T09:42:45.720+03:00  INFO 45748 --- [coupon-service] [main] b.w.c.s.WebApplicationContextInitializer : Root WebApplicationContext: initialization completed in 5247 ms
2026-02-02T09:42:46.691+03:00  INFO 45748 --- [coupon-service] [main] org.hibernate.orm.jpa                    : HHH008540: Processing PersistenceUnitInfo [name: default]
2026-02-02T09:42:47.021+03:00  INFO 45748 --- [coupon-service] [main] o.s.o.j.p.SpringPersistenceUnitInfo      : No LoadTimeWeaver setup: ignoring JPA class transformer
2026-02-02T09:42:47.029+03:00  INFO 45748 --- [coupon-service] [main] com.zaxxer.hikari.HikariDataSource       : HikariPool-2 - Starting...
2026-02-02T09:42:47.034+03:00  INFO 45748 --- [coupon-service] [main] com.zaxxer.hikari.pool.HikariPool        : HikariPool-2 - Added connection conn10: url=jdbc:h2:mem:testdb user=SA
2026-02-02T09:42:47.035+03:00  INFO 45748 --- [coupon-service] [main] com.zaxxer.hikari.HikariDataSource       : HikariPool-2 - Start completed.
2026-02-02T09:42:47.038+03:00  WARN 45748 --- [coupon-service] [main] org.hibernate.orm.deprecation            : HHH90000025: H2Dialect does not need to be specified explicitly using 'hibernate.dialect' (remove the property setting and it will be selected by default)
2026-02-02T09:42:47.042+03:00  INFO 45748 --- [coupon-service] [main] org.hibernate.orm.connections.pooling    : HHH10001005: Database info:
	Database JDBC URL [jdbc:h2:mem:testdb]
	Database driver: H2 JDBC Driver
	Database dialect: H2Dialect
	Database version: 2.4.240
	Default catalog/schema: TESTDB/PUBLIC
	Autocommit mode: undefined/unknown
	Isolation level: READ_COMMITTED [default READ_COMMITTED]
	JDBC fetch size: 100
	Pool: DataSourceConnectionProvider
	Minimum pool size: undefined/unknown
	Maximum pool size: undefined/unknown
2026-02-02T09:42:47.422+03:00  INFO 45748 --- [coupon-service] [main] org.hibernate.orm.core                   : HHH000489: No JTA platform available (set 'hibernate.transaction.jta.platform' to enable JTA platform integration)
2026-02-02T09:42:47.458+03:00  INFO 45748 --- [coupon-service] [main] j.LocalContainerEntityManagerFactoryBean : Initialized JPA EntityManagerFactory for persistence unit 'default'
2026-02-02T09:42:47.912+03:00  INFO 45748 --- [coupon-service] [main] org.redisson.Version                     : Redisson 4.1.0
2026-02-02T09:42:48.723+03:00  INFO 45748 --- [coupon-service] [redisson-netty-5-6] o.redisson.connection.ConnectionsHolder  : 1 connections initialized for localhost/127.0.0.1:6379
2026-02-02T09:42:50.006+03:00  INFO 45748 --- [coupon-service] [redisson-netty-5-20] o.redisson.connection.ConnectionsHolder  : 24 connections initialized for localhost/127.0.0.1:6379
2026-02-02T09:42:50.440+03:00  WARN 45748 --- [coupon-service] [main] JpaBaseConfiguration$JpaWebConfiguration : spring.jpa.open-in-view is enabled by default. Therefore, database queries may be performed during view rendering. Explicitly configure spring.jpa.open-in-view to disable this warning
2026-02-02T09:42:52.769+03:00  INFO 45748 --- [coupon-service] [main] o.a.c.c.C.[Tomcat-1].[localhost].[/]     : Initializing Spring TestDispatcherServlet ''
2026-02-02T09:42:52.771+03:00  INFO 45748 --- [coupon-service] [main] o.s.t.web.servlet.TestDispatcherServlet  : Initializing Servlet ''
2026-02-02T09:42:52.797+03:00  INFO 45748 --- [coupon-service] [main] o.s.b.a.e.web.EndpointLinksResolver      : Exposing 13 endpoints beneath base path '/actuator'
2026-02-02T09:42:53.020+03:00  INFO 45748 --- [coupon-service] [main] o.s.t.web.servlet.TestDispatcherServlet  : Completed initialization in 249 ms
2026-02-02T09:42:53.216+03:00  INFO 45748 --- [coupon-service] [main] o.s.boot.tomcat.TomcatWebServer          : Tomcat started on port 53167 (http) with context path '/'
2026-02-02T09:42:53.278+03:00  INFO 45748 --- [coupon-service] [main] egrationTests$WhenRateLimitTimeoutIsZero : Started CouponServiceIntegrationTests.WhenRateLimitTimeoutIsZero in 13.011 seconds (process running for 235.368)
2026-02-02T09:42:53.286+03:00  INFO 45748 --- [coupon-service] [scheduling-1] c.o.couponservice.service.CouponService  : Starting scheduled purge of expired coupons
2026-02-02T09:42:53.328+03:00  INFO 45748 --- [coupon-service] [scheduling-1] c.o.couponservice.service.CouponService  : No expired unused coupons found to purge
2026-02-02T09:42:53.374+03:00  INFO 45748 --- [coupon-service] [main] tc.redis:6.2.6                           : Creating container for image: redis:6.2.6
2026-02-02T09:42:54.071+03:00  INFO 45748 --- [coupon-service] [main] tc.redis:6.2.6                           : Container redis:6.2.6 is starting: a469e345f043f2d0aee2a7bdcb389f4fc5c1e59e857730a8d1c136088d6c627c
2026-02-02T09:42:57.339+03:00  INFO 45748 --- [coupon-service] [main] tc.redis:6.2.6                           : Container redis:6.2.6 started in PT3.9654403S
2026-02-02T09:42:57.361+03:00  INFO 45748 --- [coupon-service] [pool-7-thread-2] c.o.couponservice.service.CouponService  : Requesting new coupon for user: user-setup-1, type: MEGADEAL
2026-02-02T09:42:57.364+03:00 DEBUG 45748 --- [coupon-service] [pool-7-thread-2] c.o.couponservice.service.CouponService  : Handling MEGADEAL request for user: user-setup-1
2026-02-02T09:42:57.366+03:00  INFO 45748 --- [coupon-service] [pool-7-thread-4] c.o.couponservice.service.CouponService  : Requesting new coupon for user: user-setup-3, type: MEGADEAL
2026-02-02T09:42:57.362+03:00  INFO 45748 --- [coupon-service] [pool-7-thread-6] c.o.couponservice.service.CouponService  : Requesting new coupon for user: user-setup-5, type: MEGADEAL
2026-02-02T09:42:57.363+03:00  INFO 45748 --- [coupon-service] [pool-7-thread-1] c.o.couponservice.service.CouponService  : Requesting new coupon for user: user-setup-0, type: MEGADEAL
2026-02-02T09:42:57.373+03:00 DEBUG 45748 --- [coupon-service] [pool-7-thread-6] c.o.couponservice.service.CouponService  : Handling MEGADEAL request for user: user-setup-5
2026-02-02T09:42:57.373+03:00 DEBUG 45748 --- [coupon-service] [pool-7-thread-1] c.o.couponservice.service.CouponService  : Handling MEGADEAL request for user: user-setup-0
2026-02-02T09:42:57.363+03:00  INFO 45748 --- [coupon-service] [pool-7-thread-3] c.o.couponservice.service.CouponService  : Requesting new coupon for user: user-setup-2, type: MEGADEAL
2026-02-02T09:42:57.377+03:00 DEBUG 45748 --- [coupon-service] [pool-7-thread-3] c.o.couponservice.service.CouponService  : Handling MEGADEAL request for user: user-setup-2
2026-02-02T09:42:57.376+03:00  INFO 45748 --- [coupon-service] [pool-7-thread-8] c.o.couponservice.service.CouponService  : Requesting new coupon for user: user-setup-7, type: MEGADEAL
2026-02-02T09:42:57.379+03:00 DEBUG 45748 --- [coupon-service] [pool-7-thread-8] c.o.couponservice.service.CouponService  : Handling MEGADEAL request for user: user-setup-7
2026-02-02T09:42:57.373+03:00  INFO 45748 --- [coupon-service] [pool-7-thread-7] c.o.couponservice.service.CouponService  : Requesting new coupon for user: user-setup-6, type: MEGADEAL
2026-02-02T09:42:57.415+03:00 DEBUG 45748 --- [coupon-service] [pool-7-thread-7] c.o.couponservice.service.CouponService  : Handling MEGADEAL request for user: user-setup-6
2026-02-02T09:42:57.362+03:00  INFO 45748 --- [coupon-service] [pool-7-thread-5] c.o.couponservice.service.CouponService  : Requesting new coupon for user: user-setup-4, type: MEGADEAL
2026-02-02T09:42:57.416+03:00 DEBUG 45748 --- [coupon-service] [pool-7-thread-5] c.o.couponservice.service.CouponService  : Handling MEGADEAL request for user: user-setup-4
2026-02-02T09:42:57.362+03:00  INFO 45748 --- [coupon-service] [pool-7-thread-9] c.o.couponservice.service.CouponService  : Requesting new coupon for user: user-setup-8, type: MEGADEAL
2026-02-02T09:42:57.373+03:00 DEBUG 45748 --- [coupon-service] [pool-7-thread-4] c.o.couponservice.service.CouponService  : Handling MEGADEAL request for user: user-setup-3
2026-02-02T09:42:57.426+03:00 DEBUG 45748 --- [coupon-service] [pool-7-thread-9] c.o.couponservice.service.CouponService  : Handling MEGADEAL request for user: user-setup-8
2026-02-02T09:42:57.419+03:00  INFO 45748 --- [coupon-service] [pool-7-thread-10] c.o.couponservice.service.CouponService  : Requesting new coupon for user: user-setup-9, type: MEGADEAL
2026-02-02T09:42:57.434+03:00 DEBUG 45748 --- [coupon-service] [pool-7-thread-10] c.o.couponservice.service.CouponService  : Handling MEGADEAL request for user: user-setup-9
2026-02-02T09:42:57.448+03:00  WARN 45748 --- [coupon-service] [pool-7-thread-6] c.o.couponservice.service.CouponService  : Could not acquire semaphore for MEGADEAL coupon
2026-02-02T09:42:57.449+03:00  WARN 45748 --- [coupon-service] [pool-7-thread-1] c.o.couponservice.service.CouponService  : Could not acquire semaphore for MEGADEAL coupon
2026-02-02T09:42:57.455+03:00  WARN 45748 --- [coupon-service] [pool-7-thread-4] c.o.couponservice.service.CouponService  : Could not acquire semaphore for MEGADEAL coupon
2026-02-02T09:42:57.462+03:00  WARN 45748 --- [coupon-service] [pool-7-thread-10] c.o.couponservice.service.CouponService  : Could not acquire semaphore for MEGADEAL coupon
2026-02-02T09:42:57.462+03:00  WARN 45748 --- [coupon-service] [pool-7-thread-9] c.o.couponservice.service.CouponService  : Could not acquire semaphore for MEGADEAL coupon
2026-02-02T09:42:57.468+03:00  INFO 45748 --- [coupon-service] [pool-7-thread-2] c.o.couponservice.service.CouponService  : Generated new coupon: f5ef997b-40d2-4bfe-9c55-e078feec7a00 of type: MEGADEAL
2026-02-02T09:42:57.474+03:00  INFO 45748 --- [coupon-service] [pool-7-thread-7] c.o.couponservice.service.CouponService  : Generated new coupon: c94d00bc-df0c-451f-a557-42057dfb728e of type: MEGADEAL
2026-02-02T09:42:57.474+03:00  INFO 45748 --- [coupon-service] [pool-7-thread-8] c.o.couponservice.service.CouponService  : Generated new coupon: 1d8aa8f9-13eb-4be6-9312-2bfe6cd87472 of type: MEGADEAL
2026-02-02T09:42:57.474+03:00  INFO 45748 --- [coupon-service] [pool-7-thread-5] c.o.couponservice.service.CouponService  : Generated new coupon: 74485a10-0036-4c22-9e29-43f111ddfd1c of type: MEGADEAL
2026-02-02T09:42:57.475+03:00  INFO 45748 --- [coupon-service] [pool-7-thread-3] c.o.couponservice.service.CouponService  : Generated new coupon: d1142428-bc06-452d-aa8f-8b0db81bdc7c of type: MEGADEAL
2026-02-02T09:42:57.591+03:00  INFO 45748 --- [coupon-service] [main] c.o.c.controller.CouponController        : Received request for new coupon from user: user-failing
2026-02-02T09:42:57.594+03:00  INFO 45748 --- [coupon-service] [main] c.o.couponservice.service.CouponService  : Requesting new coupon for user: user-failing, type: MEGADEAL
2026-02-02T09:42:57.596+03:00 DEBUG 45748 --- [coupon-service] [main] c.o.couponservice.service.CouponService  : Handling MEGADEAL request for user: user-failing
2026-02-02T09:42:57.628+03:00  INFO 45748 --- [coupon-service] [main] c.o.couponservice.service.CouponService  : Generated new coupon: c22495b0-8fc4-4318-9dcf-d36bf7702c77 of type: MEGADEAL
2026-02-02T09:42:58.088+03:00  INFO 45748 --- [coupon-service] [SpringApplicationShutdownHook] o.s.boot.tomcat.GracefulShutdown         : Commencing graceful shutdown. Waiting for active requests to complete
2026-02-02T09:42:58.380+03:00  INFO 45748 --- [coupon-service] [tomcat-shutdown] o.s.boot.tomcat.GracefulShutdown         : Graceful shutdown complete
2026-02-02T09:42:58.614+03:00  INFO 45748 --- [coupon-service] [SpringApplicationShutdownHook] j.LocalContainerEntityManagerFactoryBean : Closing JPA EntityManagerFactory for persistence unit 'default'
2026-02-02T09:42:58.626+03:00  INFO 45748 --- [coupon-service] [SpringApplicationShutdownHook] com.zaxxer.hikari.HikariDataSource       : HikariPool-1 - Shutdown initiated...
2026-02-02T09:42:58.647+03:00  INFO 45748 --- [coupon-service] [SpringApplicationShutdownHook] com.zaxxer.hikari.HikariDataSource       : HikariPool-1 - Shutdown completed.
2026-02-02T09:42:58.746+03:00  INFO 45748 --- [coupon-service] [SpringApplicationShutdownHook] o.s.boot.tomcat.GracefulShutdown         : Commencing graceful shutdown. Waiting for active requests to complete
2026-02-02T09:42:59.037+03:00  INFO 45748 --- [coupon-service] [tomcat-shutdown] o.s.boot.tomcat.GracefulShutdown         : Graceful shutdown complete
2026-02-02T09:42:59.196+03:00  INFO 45748 --- [coupon-service] [SpringApplicationShutdownHook] j.LocalContainerEntityManagerFactoryBean : Closing JPA EntityManagerFactory for persistence unit 'default'
2026-02-02T09:42:59.202+03:00  INFO 45748 --- [coupon-service] [SpringApplicationShutdownHook] com.zaxxer.hikari.HikariDataSource       : HikariPool-2 - Shutdown initiated...
2026-02-02T09:42:59.270+03:00  INFO 45748 --- [coupon-service] [SpringApplicationShutdownHook] com.zaxxer.hikari.HikariDataSource       : HikariPool-2 - Shutdown completed.
2026-02-02T10:39:25.841+03:00  INFO 38084 --- [coupon-service] [main] c.o.c.CouponServiceIntegrationTests      : Starting CouponServiceIntegrationTests using Java 22.0.2 with PID 38084 (started by cagla.boynuegri in C:\Users\cagla.boynuegri\IdeaProjects\coupon-service-demo\coupon-service)
2026-02-02T10:39:25.849+03:00 DEBUG 38084 --- [coupon-service] [main] c.o.c.CouponServiceIntegrationTests      : Running with Spring Boot v4.0.2, Spring v7.0.3
2026-02-02T10:39:25.854+03:00  INFO 38084 --- [coupon-service] [main] c.o.c.CouponServiceIntegrationTests      : No active profile set, falling back to 1 default profile: "default"
2026-02-02T10:39:38.652+03:00  INFO 38084 --- [coupon-service] [main] .s.d.r.c.RepositoryConfigurationDelegate : Multiple Spring Data modules found, entering strict repository configuration mode
2026-02-02T10:39:38.668+03:00  INFO 38084 --- [coupon-service] [main] .s.d.r.c.RepositoryConfigurationDelegate : Bootstrapping Spring Data JPA repositories in DEFAULT mode.
2026-02-02T10:39:44.746+03:00  INFO 38084 --- [coupon-service] [main] .s.d.r.c.RepositoryConfigurationDelegate : Finished Spring Data repository scanning in 5973 ms. Found 2 JPA repository interfaces.
2026-02-02T10:39:44.934+03:00  INFO 38084 --- [coupon-service] [main] .s.d.r.c.RepositoryConfigurationDelegate : Multiple Spring Data modules found, entering strict repository configuration mode
2026-02-02T10:39:44.944+03:00  INFO 38084 --- [coupon-service] [main] .s.d.r.c.RepositoryConfigurationDelegate : Bootstrapping Spring Data Redis repositories in DEFAULT mode.
2026-02-02T10:39:45.261+03:00  INFO 38084 --- [coupon-service] [main] .RepositoryConfigurationExtensionSupport : Spring Data Redis - Could not safely identify store assignment for repository candidate interface com.onepin.couponservice.repository.CouponRepository; If you want this repository to be a Redis repository, consider annotating your entities with one of these annotations: org.springframework.data.redis.core.RedisHash (preferred), or consider extending one of the following types with your repository: org.springframework.data.keyvalue.repository.KeyValueRepository
2026-02-02T10:39:45.267+03:00  INFO 38084 --- [coupon-service] [main] .RepositoryConfigurationExtensionSupport : Spring Data Redis - Could not safely identify store assignment for repository candidate interface com.onepin.couponservice.repository.RedemptionRepository; If you want this repository to be a Redis repository, consider annotating your entities with one of these annotations: org.springframework.data.redis.core.RedisHash (preferred), or consider extending one of the following types with your repository: org.springframework.data.keyvalue.repository.KeyValueRepository
2026-02-02T10:39:45.269+03:00  INFO 38084 --- [coupon-service] [main] .s.d.r.c.RepositoryConfigurationDelegate : Finished Spring Data repository scanning in 101 ms. Found 0 Redis repository interfaces.
2026-02-02T10:39:53.010+03:00  INFO 38084 --- [coupon-service] [main] o.s.boot.tomcat.TomcatWebServer          : Tomcat initialized with port 0 (http)
2026-02-02T10:39:53.112+03:00  INFO 38084 --- [coupon-service] [main] o.apache.catalina.core.StandardService   : Starting service [Tomcat]
2026-02-02T10:39:53.115+03:00  INFO 38084 --- [coupon-service] [main] o.apache.catalina.core.StandardEngine    : Starting Servlet engine: [Apache Tomcat/11.0.15]
2026-02-02T10:39:54.155+03:00  INFO 38084 --- [coupon-service] [main] b.w.c.s.WebApplicationContextInitializer : Root WebApplicationContext: initialization completed in 27937 ms
2026-02-02T10:39:57.764+03:00  INFO 38084 --- [coupon-service] [main] org.hibernate.orm.jpa                    : HHH008540: Processing PersistenceUnitInfo [name: default]
2026-02-02T10:39:58.583+03:00  INFO 38084 --- [coupon-service] [main] org.hibernate.orm.core                   : HHH000001: Hibernate ORM core version 7.2.1.Final
2026-02-02T10:40:03.622+03:00  INFO 38084 --- [coupon-service] [main] o.s.o.j.p.SpringPersistenceUnitInfo      : No LoadTimeWeaver setup: ignoring JPA class transformer
2026-02-02T10:40:03.971+03:00  INFO 38084 --- [coupon-service] [main] com.zaxxer.hikari.HikariDataSource       : HikariPool-1 - Starting...
2026-02-02T10:40:06.155+03:00  INFO 38084 --- [coupon-service] [main] com.zaxxer.hikari.pool.HikariPool        : HikariPool-1 - Added connection conn0: url=jdbc:h2:mem:testdb user=SA
2026-02-02T10:40:06.176+03:00  INFO 38084 --- [coupon-service] [main] com.zaxxer.hikari.HikariDataSource       : HikariPool-1 - Start completed.
2026-02-02T10:40:06.510+03:00  WARN 38084 --- [coupon-service] [main] org.hibernate.orm.deprecation            : HHH90000025: H2Dialect does not need to be specified explicitly using 'hibernate.dialect' (remove the property setting and it will be selected by default)
2026-02-02T10:40:06.752+03:00  INFO 38084 --- [coupon-service] [main] org.hibernate.orm.connections.pooling    : HHH10001005: Database info:
	Database JDBC URL [jdbc:h2:mem:testdb]
	Database driver: H2 JDBC Driver
	Database dialect: H2Dialect
	Database version: 2.4.240
	Default catalog/schema: TESTDB/PUBLIC
	Autocommit mode: undefined/unknown
	Isolation level: READ_COMMITTED [default READ_COMMITTED]
	JDBC fetch size: 100
	Pool: DataSourceConnectionProvider
	Minimum pool size: undefined/unknown
	Maximum pool size: undefined/unknown
2026-02-02T10:40:16.495+03:00  INFO 38084 --- [coupon-service] [main] org.hibernate.orm.core                   : HHH000489: No JTA platform available (set 'hibernate.transaction.jta.platform' to enable JTA platform integration)
2026-02-02T10:40:16.527+03:00  INFO 38084 --- [coupon-service] [main] org.hibernate.orm.jdbc.batch             : HHH100501: Automatic JDBC statement batching enabled (maximum batch size 1000)
2026-02-02T10:40:17.287+03:00  INFO 38084 --- [coupon-service] [main] j.LocalContainerEntityManagerFactoryBean : Initialized JPA EntityManagerFactory for persistence unit 'default'
2026-02-02T10:40:18.655+03:00  INFO 38084 --- [coupon-service] [main] o.s.d.j.r.query.QueryEnhancerFactories   : Hibernate is in classpath; If applicable, HQL parser will be used.
2026-02-02T10:40:21.533+03:00  INFO 38084 --- [coupon-service] [main] org.redisson.Version                     : Redisson 4.1.0
2026-02-02T10:40:26.481+03:00  INFO 38084 --- [coupon-service] [redisson-netty-1-5] o.redisson.connection.ConnectionsHolder  : 1 connections initialized for localhost/127.0.0.1:6379
2026-02-02T10:40:28.194+03:00  INFO 38084 --- [coupon-service] [redisson-netty-1-20] o.redisson.connection.ConnectionsHolder  : 24 connections initialized for localhost/127.0.0.1:6379
2026-02-02T10:40:31.111+03:00  WARN 38084 --- [coupon-service] [main] JpaBaseConfiguration$JpaWebConfiguration : spring.jpa.open-in-view is enabled by default. Therefore, database queries may be performed during view rendering. Explicitly configure spring.jpa.open-in-view to disable this warning
2026-02-02T10:40:41.134+03:00  INFO 38084 --- [coupon-service] [main] o.a.c.c.C.[Tomcat].[localhost].[/]       : Initializing Spring TestDispatcherServlet ''
2026-02-02T10:40:41.171+03:00  INFO 38084 --- [coupon-service] [main] o.s.t.web.servlet.TestDispatcherServlet  : Initializing Servlet ''
2026-02-02T10:40:41.238+03:00  INFO 38084 --- [coupon-service] [main] o.s.b.a.e.web.EndpointLinksResolver      : Exposing 13 endpoints beneath base path '/actuator'
2026-02-02T10:40:41.365+03:00  INFO 38084 --- [coupon-service] [main] o.s.t.web.servlet.TestDispatcherServlet  : Completed initialization in 193 ms
2026-02-02T10:40:42.182+03:00  INFO 38084 --- [coupon-service] [main] o.s.boot.tomcat.TomcatWebServer          : Tomcat started on port 50636 (http) with context path '/'
2026-02-02T10:40:42.309+03:00  INFO 38084 --- [coupon-service] [main] c.o.c.CouponServiceIntegrationTests      : Started CouponServiceIntegrationTests in 80.931 seconds (process running for 100.892)
2026-02-02T10:40:42.369+03:00  INFO 38084 --- [coupon-service] [scheduling-1] c.o.couponservice.service.CouponService  : Starting scheduled purge of expired coupons
2026-02-02T10:40:48.990+03:00  INFO 38084 --- [coupon-service] [scheduling-1] c.o.couponservice.service.CouponService  : No expired unused coupons found to purge
2026-02-02T10:40:49.097+03:00  INFO 38084 --- [coupon-service] [pool-2-thread-3] c.o.couponservice.service.CouponService  : Requesting new coupon for user: user-2, type: MEGADEAL
2026-02-02T10:40:49.101+03:00 DEBUG 38084 --- [coupon-service] [pool-2-thread-3] c.o.couponservice.service.CouponService  : Handling MEGADEAL request for user: user-2
2026-02-02T10:40:49.099+03:00  INFO 38084 --- [coupon-service] [pool-2-thread-4] c.o.couponservice.service.CouponService  : Requesting new coupon for user: user-3, type: MEGADEAL
2026-02-02T10:40:49.119+03:00 DEBUG 38084 --- [coupon-service] [pool-2-thread-4] c.o.couponservice.service.CouponService  : Handling MEGADEAL request for user: user-3
2026-02-02T10:40:49.192+03:00  INFO 38084 --- [coupon-service] [pool-2-thread-7] c.o.couponservice.service.CouponService  : Requesting new coupon for user: user-6, type: MEGADEAL
2026-02-02T10:40:49.192+03:00  INFO 38084 --- [coupon-service] [pool-2-thread-2] c.o.couponservice.service.CouponService  : Requesting new coupon for user: user-1, type: MEGADEAL
2026-02-02T10:40:49.193+03:00 DEBUG 38084 --- [coupon-service] [pool-2-thread-2] c.o.couponservice.service.CouponService  : Handling MEGADEAL request for user: user-1
2026-02-02T10:40:49.197+03:00 DEBUG 38084 --- [coupon-service] [pool-2-thread-7] c.o.couponservice.service.CouponService  : Handling MEGADEAL request for user: user-6
2026-02-02T10:40:49.197+03:00  INFO 38084 --- [coupon-service] [pool-2-thread-11] c.o.couponservice.service.CouponService  : Requesting new coupon for user: user-10, type: MEGADEAL
2026-02-02T10:40:49.199+03:00 DEBUG 38084 --- [coupon-service] [pool-2-thread-11] c.o.couponservice.service.CouponService  : Handling MEGADEAL request for user: user-10
2026-02-02T10:40:49.190+03:00  INFO 38084 --- [coupon-service] [pool-2-thread-1] c.o.couponservice.service.CouponService  : Requesting new coupon for user: user-0, type: MEGADEAL
2026-02-02T10:40:49.205+03:00  INFO 38084 --- [coupon-service] [pool-2-thread-8] c.o.couponservice.service.CouponService  : Requesting new coupon for user: user-7, type: MEGADEAL
2026-02-02T10:40:49.201+03:00 DEBUG 38084 --- [coupon-service] [pool-2-thread-1] c.o.couponservice.service.CouponService  : Handling MEGADEAL request for user: user-0
2026-02-02T10:40:49.205+03:00 DEBUG 38084 --- [coupon-service] [pool-2-thread-8] c.o.couponservice.service.CouponService  : Handling MEGADEAL request for user: user-7
2026-02-02T10:40:49.214+03:00  INFO 38084 --- [coupon-service] [pool-2-thread-5] c.o.couponservice.service.CouponService  : Requesting new coupon for user: user-4, type: MEGADEAL
2026-02-02T10:40:49.214+03:00 DEBUG 38084 --- [coupon-service] [pool-2-thread-5] c.o.couponservice.service.CouponService  : Handling MEGADEAL request for user: user-4
2026-02-02T10:40:49.219+03:00  INFO 38084 --- [coupon-service] [pool-2-thread-6] c.o.couponservice.service.CouponService  : Requesting new coupon for user: user-5, type: MEGADEAL
2026-02-02T10:40:49.222+03:00 DEBUG 38084 --- [coupon-service] [pool-2-thread-6] c.o.couponservice.service.CouponService  : Handling MEGADEAL request for user: user-5
2026-02-02T10:40:49.226+03:00  INFO 38084 --- [coupon-service] [pool-2-thread-9] c.o.couponservice.service.CouponService  : Requesting new coupon for user: user-8, type: MEGADEAL
2026-02-02T10:40:49.228+03:00 DEBUG 38084 --- [coupon-service] [pool-2-thread-9] c.o.couponservice.service.CouponService  : Handling MEGADEAL request for user: user-8
2026-02-02T10:40:49.949+03:00  INFO 38084 --- [coupon-service] [pool-2-thread-4] c.o.couponservice.service.CouponService  : Generated new coupon: fd0cf908-26c0-403a-8486-2a73378f2233 of type: MEGADEAL
2026-02-02T10:40:49.949+03:00  INFO 38084 --- [coupon-service] [pool-2-thread-3] c.o.couponservice.service.CouponService  : Generated new coupon: 235804a5-1f09-42a8-a9aa-fb9f541d680b of type: MEGADEAL
2026-02-02T10:40:49.949+03:00  INFO 38084 --- [coupon-service] [pool-2-thread-7] c.o.couponservice.service.CouponService  : Generated new coupon: 1c762ff7-246b-4851-a9db-beb72e8b6b35 of type: MEGADEAL
2026-02-02T10:40:49.949+03:00  INFO 38084 --- [coupon-service] [pool-2-thread-5] c.o.couponservice.service.CouponService  : Generated new coupon: e874f550-c61f-4020-8506-e87f7aba6ecd of type: MEGADEAL
2026-02-02T10:40:49.955+03:00  INFO 38084 --- [coupon-service] [pool-2-thread-8] c.o.couponservice.service.CouponService  : Generated new coupon: 832d46ce-b30d-4c1e-a677-1bbff5c9887a of type: MEGADEAL
2026-02-02T10:40:50.153+03:00  INFO 38084 --- [coupon-service] [pool-2-thread-9] c.o.couponservice.service.CouponService  : Generated new coupon: c1a6bf48-048d-4104-9e01-0c064660a56a of type: MEGADEAL
2026-02-02T10:40:50.231+03:00  INFO 38084 --- [coupon-service] [pool-2-thread-10] c.o.couponservice.service.CouponService  : Requesting new coupon for user: user-9, type: MEGADEAL
2026-02-02T10:40:50.233+03:00 DEBUG 38084 --- [coupon-service] [pool-2-thread-10] c.o.couponservice.service.CouponService  : Handling MEGADEAL request for user: user-9
2026-02-02T10:40:50.276+03:00  INFO 38084 --- [coupon-service] [pool-2-thread-1] c.o.couponservice.service.CouponService  : Generated new coupon: c2f0cf49-dde2-4e13-8575-9377b0f04303 of type: MEGADEAL
2026-02-02T10:40:50.285+03:00  INFO 38084 --- [coupon-service] [pool-2-thread-2] c.o.couponservice.service.CouponService  : Generated new coupon: c423eccb-8876-496e-8d1b-2156beefbe50 of type: MEGADEAL
2026-02-02T10:40:50.297+03:00  INFO 38084 --- [coupon-service] [pool-2-thread-11] c.o.couponservice.service.CouponService  : Generated new coupon: 319ccb94-f586-4525-b555-6b98d94d186b of type: MEGADEAL
2026-02-02T10:40:50.326+03:00  INFO 38084 --- [coupon-service] [pool-2-thread-6] c.o.couponservice.service.CouponService  : Generated new coupon: bde9fbc3-c00b-498d-9e6d-15e4c63e38ac of type: MEGADEAL
2026-02-02T10:40:50.785+03:00  INFO 38084 --- [coupon-service] [pool-2-thread-10] c.o.couponservice.service.CouponService  : Generated new coupon: 12cd0eb4-446e-4630-a0ab-7f2e959c8106 of type: MEGADEAL
2026-02-02T10:40:53.417+03:00  INFO 38084 --- [coupon-service] [pool-3-thread-2] c.o.c.controller.CouponController        : Received redemption request for coupon: CONCURRENT-123
2026-02-02T10:40:53.428+03:00  INFO 38084 --- [coupon-service] [pool-3-thread-1] c.o.c.controller.CouponController        : Received redemption request for coupon: CONCURRENT-123
2026-02-02T10:40:53.420+03:00  INFO 38084 --- [coupon-service] [pool-3-thread-2] c.o.couponservice.service.CouponService  : Redeeming coupon: CONCURRENT-123 for user: user-2
2026-02-02T10:40:53.430+03:00  INFO 38084 --- [coupon-service] [pool-3-thread-1] c.o.couponservice.service.CouponService  : Redeeming coupon: CONCURRENT-123 for user: user-1
2026-02-02T10:40:53.617+03:00  INFO 38084 --- [coupon-service] [pool-3-thread-2] c.o.couponservice.service.CouponService  : Successfully redeemed coupon: CONCURRENT-123
2026-02-02T10:40:53.620+03:00  INFO 38084 --- [coupon-service] [pool-3-thread-1] c.o.couponservice.service.CouponService  : Successfully redeemed coupon: CONCURRENT-123
2026-02-02T10:40:53.696+03:00  INFO 38084 --- [coupon-service] [pool-3-thread-1] org.hibernate.orm.jdbc.batch             : HHH100503: JDBC batch still contained JDBC statements on release
2026-02-02T10:40:53.765+03:00  WARN 38084 --- [coupon-service] [pool-3-thread-1] c.o.c.exception.GlobalExceptionHandler   : Optimistic locking failure: Batch update returned unexpected row count from update 0 (expected row count 1 but was 0) [update coupons set current_usages=?,discount_amount=?,expiry_date=?,is_percentage=?,max_usages=?,type=?,version=? where code=? and version=?] for entity [com.onepin.couponservice.model.Coupon with id 'CONCURRENT-123']
2026-02-02T10:40:55.136+03:00  INFO 38084 --- [coupon-service] [main] c.o.c.controller.CouponController        : Received request to upload 2000 coupons
2026-02-02T10:40:55.152+03:00  INFO 38084 --- [coupon-service] [main] c.o.couponservice.service.CouponService  : Uploading 2000 coupons
2026-02-02T10:40:58.378+03:00  INFO 38084 --- [coupon-service] [main] c.o.couponservice.service.CouponService  : Successfully uploaded 2000 coupons
2026-02-02T10:41:01.370+03:00  INFO 38084 --- [coupon-service] [pool-4-thread-4] c.o.c.controller.CouponController        : Received request for new coupon from user: user-3
2026-02-02T10:41:01.374+03:00  INFO 38084 --- [coupon-service] [pool-4-thread-1] c.o.c.controller.CouponController        : Received request for new coupon from user: user-0
2026-02-02T10:41:01.376+03:00  INFO 38084 --- [coupon-service] [pool-4-thread-1] c.o.couponservice.service.CouponService  : Requesting new coupon for user: user-0, type: MEGADEAL
2026-02-02T10:41:01.377+03:00 DEBUG 38084 --- [coupon-service] [pool-4-thread-1] c.o.couponservice.service.CouponService  : Handling MEGADEAL request for user: user-0
2026-02-02T10:41:01.386+03:00  INFO 38084 --- [coupon-service] [pool-4-thread-2] c.o.c.controller.CouponController        : Received request for new coupon from user: user-1
2026-02-02T10:41:01.388+03:00  INFO 38084 --- [coupon-service] [pool-4-thread-2] c.o.couponservice.service.CouponService  : Requesting new coupon for user: user-1, type: MEGADEAL
2026-02-02T10:41:01.386+03:00  INFO 38084 --- [coupon-service] [pool-4-thread-3] c.o.c.controller.CouponController        : Received request for new coupon from user: user-2
2026-02-02T10:41:01.390+03:00 DEBUG 38084 --- [coupon-service] [pool-4-thread-2] c.o.couponservice.service.CouponService  : Handling MEGADEAL request for user: user-1
2026-02-02T10:41:01.374+03:00  INFO 38084 --- [coupon-service] [pool-4-thread-4] c.o.couponservice.service.CouponService  : Requesting new coupon for user: user-3, type: MEGADEAL
2026-02-02T10:41:01.397+03:00 DEBUG 38084 --- [coupon-service] [pool-4-thread-4] c.o.couponservice.service.CouponService  : Handling MEGADEAL request for user: user-3
2026-02-02T10:41:01.405+03:00  INFO 38084 --- [coupon-service] [pool-4-thread-5] c.o.c.controller.CouponController        : Received request for new coupon from user: user-4
2026-02-02T10:41:01.407+03:00  INFO 38084 --- [coupon-service] [pool-4-thread-5] c.o.couponservice.service.CouponService  : Requesting new coupon for user: user-4, type: MEGADEAL
2026-02-02T10:41:01.411+03:00 DEBUG 38084 --- [coupon-service] [pool-4-thread-5] c.o.couponservice.service.CouponService  : Handling MEGADEAL request for user: user-4
2026-02-02T10:41:01.407+03:00  INFO 38084 --- [coupon-service] [pool-4-thread-3] c.o.couponservice.service.CouponService  : Requesting new coupon for user: user-2, type: MEGADEAL
2026-02-02T10:41:01.417+03:00 DEBUG 38084 --- [coupon-service] [pool-4-thread-3] c.o.couponservice.service.CouponService  : Handling MEGADEAL request for user: user-2
2026-02-02T10:41:01.420+03:00  INFO 38084 --- [coupon-service] [pool-4-thread-6] c.o.c.controller.CouponController        : Received request for new coupon from user: user-5
2026-02-02T10:41:01.422+03:00  INFO 38084 --- [coupon-service] [pool-4-thread-1] c.o.couponservice.service.CouponService  : Generated new coupon: f1a95045-9d4d-451d-a6f9-4690381b6c6f of type: MEGADEAL
2026-02-02T10:41:01.425+03:00  INFO 38084 --- [coupon-service] [pool-4-thread-6] c.o.couponservice.service.CouponService  : Requesting new coupon for user: user-5, type: MEGADEAL
2026-02-02T10:41:01.427+03:00 DEBUG 38084 --- [coupon-service] [pool-4-thread-6] c.o.couponservice.service.CouponService  : Handling MEGADEAL request for user: user-5
2026-02-02T10:41:01.442+03:00  INFO 38084 --- [coupon-service] [pool-4-thread-4] c.o.couponservice.service.CouponService  : Generated new coupon: 457f32be-c914-4334-9877-01f3ec9336ff of type: MEGADEAL
2026-02-02T10:41:01.449+03:00  INFO 38084 --- [coupon-service] [pool-4-thread-2] c.o.couponservice.service.CouponService  : Generated new coupon: c97d05de-3424-4b02-8d96-8bed62e7193f of type: MEGADEAL
2026-02-02T10:41:01.453+03:00  INFO 38084 --- [coupon-service] [pool-4-thread-3] c.o.couponservice.service.CouponService  : Generated new coupon: 9731415e-e8da-4958-bfb1-2c042c77dfd5 of type: MEGADEAL
2026-02-02T10:41:01.487+03:00  INFO 38084 --- [coupon-service] [pool-4-thread-6] c.o.couponservice.service.CouponService  : Generated new coupon: 5a372971-6408-4050-9d42-7305007c4f2f of type: MEGADEAL
2026-02-02T10:41:01.492+03:00  INFO 38084 --- [coupon-service] [pool-4-thread-5] c.o.couponservice.service.CouponService  : Generated new coupon: 389201ed-35d6-49b2-a022-857e7f56e002 of type: MEGADEAL
2026-02-02T10:41:03.189+03:00  INFO 38084 --- [coupon-service] [main] c.o.c.controller.CouponController        : Received request to upload 50001 coupons
2026-02-02T10:41:03.192+03:00  INFO 38084 --- [coupon-service] [main] c.o.couponservice.service.CouponService  : Uploading 50001 coupons
2026-02-02T10:41:03.194+03:00 ERROR 38084 --- [coupon-service] [main] c.o.couponservice.service.CouponService  : Batch size 50001 exceeds limit of 50000
2026-02-02T10:41:03.316+03:00  INFO 38084 --- [coupon-service] [pool-5-thread-3] c.o.couponservice.service.CouponService  : Requesting new coupon for user: user-setup-2, type: MEGADEAL
2026-02-02T10:41:03.317+03:00 DEBUG 38084 --- [coupon-service] [pool-5-thread-3] c.o.couponservice.service.CouponService  : Handling MEGADEAL request for user: user-setup-2
2026-02-02T10:41:03.321+03:00  INFO 38084 --- [coupon-service] [pool-5-thread-5] c.o.couponservice.service.CouponService  : Requesting new coupon for user: user-setup-4, type: MEGADEAL
2026-02-02T10:41:03.324+03:00  INFO 38084 --- [coupon-service] [pool-5-thread-7] c.o.couponservice.service.CouponService  : Requesting new coupon for user: user-setup-6, type: MEGADEAL
2026-02-02T10:41:03.328+03:00 DEBUG 38084 --- [coupon-service] [pool-5-thread-5] c.o.couponservice.service.CouponService  : Handling MEGADEAL request for user: user-setup-4
2026-02-02T10:41:03.332+03:00  INFO 38084 --- [coupon-service] [pool-5-thread-8] c.o.couponservice.service.CouponService  : Requesting new coupon for user: user-setup-7, type: MEGADEAL
2026-02-02T10:41:03.333+03:00 DEBUG 38084 --- [coupon-service] [pool-5-thread-7] c.o.couponservice.service.CouponService  : Handling MEGADEAL request for user: user-setup-6
2026-02-02T10:41:03.344+03:00  INFO 38084 --- [coupon-service] [pool-5-thread-2] c.o.couponservice.service.CouponService  : Requesting new coupon for user: user-setup-1, type: MEGADEAL
2026-02-02T10:41:03.345+03:00  INFO 38084 --- [coupon-service] [pool-5-thread-4] c.o.couponservice.service.CouponService  : Requesting new coupon for user: user-setup-3, type: MEGADEAL
2026-02-02T10:41:03.345+03:00 DEBUG 38084 --- [coupon-service] [pool-5-thread-2] c.o.couponservice.service.CouponService  : Handling MEGADEAL request for user: user-setup-1
2026-02-02T10:41:03.346+03:00 DEBUG 38084 --- [coupon-service] [pool-5-thread-4] c.o.couponservice.service.CouponService  : Handling MEGADEAL request for user: user-setup-3
2026-02-02T10:41:03.356+03:00  INFO 38084 --- [coupon-service] [pool-5-thread-6] c.o.couponservice.service.CouponService  : Requesting new coupon for user: user-setup-5, type: MEGADEAL
2026-02-02T10:41:03.358+03:00 DEBUG 38084 --- [coupon-service] [pool-5-thread-6] c.o.couponservice.service.CouponService  : Handling MEGADEAL request for user: user-setup-5
2026-02-02T10:41:03.363+03:00  INFO 38084 --- [coupon-service] [pool-5-thread-9] c.o.couponservice.service.CouponService  : Requesting new coupon for user: user-setup-8, type: MEGADEAL
2026-02-02T10:41:03.333+03:00 DEBUG 38084 --- [coupon-service] [pool-5-thread-8] c.o.couponservice.service.CouponService  : Handling MEGADEAL request for user: user-setup-7
2026-02-02T10:41:03.365+03:00 DEBUG 38084 --- [coupon-service] [pool-5-thread-9] c.o.couponservice.service.CouponService  : Handling MEGADEAL request for user: user-setup-8
2026-02-02T10:41:03.338+03:00  INFO 38084 --- [coupon-service] [pool-5-thread-1] c.o.couponservice.service.CouponService  : Requesting new coupon for user: user-setup-0, type: MEGADEAL
2026-02-02T10:41:03.368+03:00 DEBUG 38084 --- [coupon-service] [pool-5-thread-1] c.o.couponservice.service.CouponService  : Handling MEGADEAL request for user: user-setup-0
2026-02-02T10:41:03.368+03:00  INFO 38084 --- [coupon-service] [pool-5-thread-10] c.o.couponservice.service.CouponService  : Requesting new coupon for user: user-setup-9, type: MEGADEAL
2026-02-02T10:41:03.369+03:00 DEBUG 38084 --- [coupon-service] [pool-5-thread-10] c.o.couponservice.service.CouponService  : Handling MEGADEAL request for user: user-setup-9
2026-02-02T10:41:03.389+03:00  INFO 38084 --- [coupon-service] [pool-5-thread-3] c.o.couponservice.service.CouponService  : Generated new coupon: 4c98dd67-4a79-45a7-ad4c-b88b9dc6cb59 of type: MEGADEAL
2026-02-02T10:41:03.390+03:00  INFO 38084 --- [coupon-service] [pool-5-thread-5] c.o.couponservice.service.CouponService  : Generated new coupon: 2124739c-80a3-45bc-8aee-4dc6db7b5659 of type: MEGADEAL
2026-02-02T10:41:03.409+03:00  INFO 38084 --- [coupon-service] [pool-5-thread-7] c.o.couponservice.service.CouponService  : Generated new coupon: 95a0a859-3bd1-4c9a-8e68-738f97ef8c13 of type: MEGADEAL
2026-02-02T10:41:03.441+03:00  INFO 38084 --- [coupon-service] [pool-5-thread-4] c.o.couponservice.service.CouponService  : Generated new coupon: 159c3704-cf09-4b98-b770-2f31d45db8c8 of type: MEGADEAL
2026-02-02T10:41:03.443+03:00  INFO 38084 --- [coupon-service] [pool-5-thread-2] c.o.couponservice.service.CouponService  : Generated new coupon: 589b258a-a7d6-484a-8631-928c5e40a454 of type: MEGADEAL
2026-02-02T10:41:03.520+03:00  INFO 38084 --- [coupon-service] [pool-5-thread-9] c.o.couponservice.service.CouponService  : Generated new coupon: 318ce65a-4085-4892-abad-7464f6730948 of type: MEGADEAL
2026-02-02T10:41:03.520+03:00  INFO 38084 --- [coupon-service] [pool-5-thread-8] c.o.couponservice.service.CouponService  : Generated new coupon: aceaa42e-25b6-4015-b181-f8760003995b of type: MEGADEAL
2026-02-02T10:41:03.526+03:00  INFO 38084 --- [coupon-service] [pool-5-thread-10] c.o.couponservice.service.CouponService  : Generated new coupon: 2159e017-a5e9-457d-a2fd-1797cd1221c4 of type: MEGADEAL
2026-02-02T10:41:03.526+03:00  INFO 38084 --- [coupon-service] [pool-5-thread-6] c.o.couponservice.service.CouponService  : Generated new coupon: 29d9f8f2-f6ba-4a0f-8c55-3ff344df5f3f of type: MEGADEAL
2026-02-02T10:41:03.568+03:00  INFO 38084 --- [coupon-service] [pool-5-thread-1] c.o.couponservice.service.CouponService  : Generated new coupon: 8f5e57fd-482e-48c3-a392-f1fe2109f26e of type: MEGADEAL
2026-02-02T10:41:03.706+03:00  INFO 38084 --- [coupon-service] [pool-6-thread-1] c.o.couponservice.service.CouponService  : Requesting new coupon for user: user-wait, type: MEGADEAL
2026-02-02T10:41:03.708+03:00 DEBUG 38084 --- [coupon-service] [pool-6-thread-1] c.o.couponservice.service.CouponService  : Handling MEGADEAL request for user: user-wait
2026-02-02T10:41:04.469+03:00  INFO 38084 --- [coupon-service] [pool-6-thread-1] c.o.couponservice.service.CouponService  : Generated new coupon: 36df3238-9130-4d76-9b33-1240fcb279f9 of type: MEGADEAL
2026-02-02T10:41:04.584+03:00  INFO 38084 --- [coupon-service] [main] c.o.c.controller.CouponController        : Received redemption request for coupon: EXPIRED-123
2026-02-02T10:41:04.588+03:00  INFO 38084 --- [coupon-service] [main] c.o.couponservice.service.CouponService  : Redeeming coupon: EXPIRED-123 for user: user-1
2026-02-02T10:41:04.606+03:00  WARN 38084 --- [coupon-service] [main] c.o.couponservice.service.CouponService  : Coupon expired: EXPIRED-123
2026-02-02T10:41:04.821+03:00  INFO 38084 --- [coupon-service] [main] c.o.c.controller.CouponController        : Received redemption request for coupon: STANDARD-123
2026-02-02T10:41:04.823+03:00  INFO 38084 --- [coupon-service] [main] c.o.couponservice.service.CouponService  : Redeeming coupon: STANDARD-123 for user: user-1
2026-02-02T10:41:04.846+03:00  INFO 38084 --- [coupon-service] [main] c.o.couponservice.service.CouponService  : Successfully redeemed coupon: STANDARD-123
2026-02-02T10:41:04.924+03:00  INFO 38084 --- [coupon-service] [main] t.c.s.AnnotationConfigContextLoaderUtils : Could not detect default configuration classes for test class [com.onepin.couponservice.CouponServiceIntegrationTests$WhenRateLimitTimeoutIsZero]: WhenRateLimitTimeoutIsZero does not declare any static, non-private, non-final, nested classes annotated with @Configuration.
2026-02-02T10:41:04.955+03:00  INFO 38084 --- [coupon-service] [main] .b.t.c.SpringBootTestContextBootstrapper : Found @SpringBootConfiguration com.onepin.couponservice.CouponServiceApplication for test class com.onepin.couponservice.CouponServiceIntegrationTests$WhenRateLimitTimeoutIsZero
2026-02-02T10:41:05.506+03:00  INFO 38084 --- [coupon-service] [main] egrationTests$WhenRateLimitTimeoutIsZero : Starting CouponServiceIntegrationTests.WhenRateLimitTimeoutIsZero using Java 22.0.2 with PID 38084 (started by cagla.boynuegri in C:\Users\cagla.boynuegri\IdeaProjects\coupon-service-demo\coupon-service)
2026-02-02T10:41:05.507+03:00 DEBUG 38084 --- [coupon-service] [main] egrationTests$WhenRateLimitTimeoutIsZero : Running with Spring Boot v4.0.2, Spring v7.0.3
2026-02-02T10:41:05.508+03:00  INFO 38084 --- [coupon-service] [main] egrationTests$WhenRateLimitTimeoutIsZero : No active profile set, falling back to 1 default profile: "default"
2026-02-02T10:41:09.521+03:00  INFO 38084 --- [coupon-service] [main] .s.d.r.c.RepositoryConfigurationDelegate : Multiple Spring Data modules found, entering strict repository configuration mode
2026-02-02T10:41:09.526+03:00  INFO 38084 --- [coupon-service] [main] .s.d.r.c.RepositoryConfigurationDelegate : Bootstrapping Spring Data JPA repositories in DEFAULT mode.
2026-02-02T10:41:09.648+03:00  INFO 38084 --- [coupon-service] [main] .s.d.r.c.RepositoryConfigurationDelegate : Finished Spring Data repository scanning in 110 ms. Found 2 JPA repository interfaces.
2026-02-02T10:41:09.677+03:00  INFO 38084 --- [coupon-service] [main] .s.d.r.c.RepositoryConfigurationDelegate : Multiple Spring Data modules found, entering strict repository configuration mode
2026-02-02T10:41:09.679+03:00  INFO 38084 --- [coupon-service] [main] .s.d.r.c.RepositoryConfigurationDelegate : Bootstrapping Spring Data Redis repositories in DEFAULT mode.
2026-02-02T10:41:09.712+03:00  INFO 38084 --- [coupon-service] [main] .RepositoryConfigurationExtensionSupport : Spring Data Redis - Could not safely identify store assignment for repository candidate interface com.onepin.couponservice.repository.CouponRepository; If you want this repository to be a Redis repository, consider annotating your entities with one of these annotations: org.springframework.data.redis.core.RedisHash (preferred), or consider extending one of the following types with your repository: org.springframework.data.keyvalue.repository.KeyValueRepository
2026-02-02T10:41:09.714+03:00  INFO 38084 --- [coupon-service] [main] .RepositoryConfigurationExtensionSupport : Spring Data Redis - Could not safely identify store assignment for repository candidate interface com.onepin.couponservice.repository.RedemptionRepository; If you want this repository to be a Redis repository, consider annotating your entities with one of these annotations: org.springframework.data.redis.core.RedisHash (preferred), or consider extending one of the following types with your repository: org.springframework.data.keyvalue.repository.KeyValueRepository
2026-02-02T10:41:09.715+03:00  INFO 38084 --- [coupon-service] [main] .s.d.r.c.RepositoryConfigurationDelegate : Finished Spring Data repository scanning in 24 ms. Found 0 Redis repository interfaces.
2026-02-02T10:41:10.983+03:00  INFO 38084 --- [coupon-service] [main] o.s.boot.tomcat.TomcatWebServer          : Tomcat initialized with port 0 (http)
2026-02-02T10:41:10.989+03:00  INFO 38084 --- [coupon-service] [main] o.apache.catalina.core.StandardService   : Starting service [Tomcat]
2026-02-02T10:41:11.053+03:00  INFO 38084 --- [coupon-service] [main] o.apache.catalina.core.StandardEngine    : Starting Servlet engine: [Apache Tomcat/11.0.15]
2026-02-02T10:41:11.844+03:00  INFO 38084 --- [coupon-service] [main] b.w.c.s.WebApplicationContextInitializer : Root WebApplicationContext: initialization completed in 6320 ms
2026-02-02T10:41:12.458+03:00  INFO 38084 --- [coupon-service] [main] org.hibernate.orm.jpa                    : HHH008540: Processing PersistenceUnitInfo [name: default]
2026-02-02T10:41:12.785+03:00  INFO 38084 --- [coupon-service] [main] o.s.o.j.p.SpringPersistenceUnitInfo      : No LoadTimeWeaver setup: ignoring JPA class transformer
2026-02-02T10:41:12.795+03:00  INFO 38084 --- [coupon-service] [main] com.zaxxer.hikari.HikariDataSource       : HikariPool-2 - Starting...
2026-02-02T10:41:12.807+03:00  INFO 38084 --- [coupon-service] [main] com.zaxxer.hikari.pool.HikariPool        : HikariPool-2 - Added connection conn10: url=jdbc:h2:mem:testdb user=SA
2026-02-02T10:41:12.809+03:00  INFO 38084 --- [coupon-service] [main] com.zaxxer.hikari.HikariDataSource       : HikariPool-2 - Start completed.
2026-02-02T10:41:12.812+03:00  WARN 38084 --- [coupon-service] [main] org.hibernate.orm.deprecation            : HHH90000025: H2Dialect does not need to be specified explicitly using 'hibernate.dialect' (remove the property setting and it will be selected by default)
2026-02-02T10:41:12.816+03:00  INFO 38084 --- [coupon-service] [main] org.hibernate.orm.connections.pooling    : HHH10001005: Database info:
	Database JDBC URL [jdbc:h2:mem:testdb]
	Database driver: H2 JDBC Driver
	Database dialect: H2Dialect
	Database version: 2.4.240
	Default catalog/schema: TESTDB/PUBLIC
	Autocommit mode: undefined/unknown
	Isolation level: READ_COMMITTED [default READ_COMMITTED]
	JDBC fetch size: 100
	Pool: DataSourceConnectionProvider
	Minimum pool size: undefined/unknown
	Maximum pool size: undefined/unknown
2026-02-02T10:41:13.490+03:00  INFO 38084 --- [coupon-service] [main] org.hibernate.orm.core                   : HHH000489: No JTA platform available (set 'hibernate.transaction.jta.platform' to enable JTA platform integration)
2026-02-02T10:41:13.491+03:00  INFO 38084 --- [coupon-service] [main] org.hibernate.orm.jdbc.batch             : HHH100501: Automatic JDBC statement batching enabled (maximum batch size 1000)
2026-02-02T10:41:13.519+03:00  INFO 38084 --- [coupon-service] [main] j.LocalContainerEntityManagerFactoryBean : Initialized JPA EntityManagerFactory for persistence unit 'default'
2026-02-02T10:41:13.976+03:00  INFO 38084 --- [coupon-service] [main] org.redisson.Version                     : Redisson 4.1.0
2026-02-02T10:41:14.798+03:00  INFO 38084 --- [coupon-service] [redisson-netty-5-5] o.redisson.connection.ConnectionsHolder  : 1 connections initialized for localhost/127.0.0.1:6379
2026-02-02T10:41:15.885+03:00  INFO 38084 --- [coupon-service] [redisson-netty-5-20] o.redisson.connection.ConnectionsHolder  : 24 connections initialized for localhost/127.0.0.1:6379
2026-02-02T10:41:16.206+03:00  WARN 38084 --- [coupon-service] [main] JpaBaseConfiguration$JpaWebConfiguration : spring.jpa.open-in-view is enabled by default. Therefore, database queries may be performed during view rendering. Explicitly configure spring.jpa.open-in-view to disable this warning
2026-02-02T10:41:18.137+03:00  INFO 38084 --- [coupon-service] [main] o.a.c.c.C.[Tomcat-1].[localhost].[/]     : Initializing Spring TestDispatcherServlet ''
2026-02-02T10:41:18.138+03:00  INFO 38084 --- [coupon-service] [main] o.s.t.web.servlet.TestDispatcherServlet  : Initializing Servlet ''
2026-02-02T10:41:18.155+03:00  INFO 38084 --- [coupon-service] [main] o.s.b.a.e.web.EndpointLinksResolver      : Exposing 13 endpoints beneath base path '/actuator'
2026-02-02T10:41:18.240+03:00  INFO 38084 --- [coupon-service] [main] o.s.t.web.servlet.TestDispatcherServlet  : Completed initialization in 100 ms
2026-02-02T10:41:18.431+03:00  INFO 38084 --- [coupon-service] [main] o.s.boot.tomcat.TomcatWebServer          : Tomcat started on port 60616 (http) with context path '/'
2026-02-02T10:41:18.497+03:00  INFO 38084 --- [coupon-service] [main] egrationTests$WhenRateLimitTimeoutIsZero : Started CouponServiceIntegrationTests.WhenRateLimitTimeoutIsZero in 13.341 seconds (process running for 137.08)
2026-02-02T10:41:18.526+03:00  INFO 38084 --- [coupon-service] [scheduling-1] c.o.couponservice.service.CouponService  : Starting scheduled purge of expired coupons
2026-02-02T10:41:18.556+03:00  INFO 38084 --- [coupon-service] [scheduling-1] c.o.couponservice.service.CouponService  : No expired unused coupons found to purge
2026-02-02T10:41:18.638+03:00  INFO 38084 --- [coupon-service] [pool-7-thread-2] c.o.couponservice.service.CouponService  : Requesting new coupon for user: user-setup-1, type: MEGADEAL
2026-02-02T10:41:18.638+03:00 DEBUG 38084 --- [coupon-service] [pool-7-thread-2] c.o.couponservice.service.CouponService  : Handling MEGADEAL request for user: user-setup-1
2026-02-02T10:41:18.658+03:00  INFO 38084 --- [coupon-service] [pool-7-thread-3] c.o.couponservice.service.CouponService  : Requesting new coupon for user: user-setup-2, type: MEGADEAL
2026-02-02T10:41:18.659+03:00 DEBUG 38084 --- [coupon-service] [pool-7-thread-3] c.o.couponservice.service.CouponService  : Handling MEGADEAL request for user: user-setup-2
2026-02-02T10:41:18.680+03:00  INFO 38084 --- [coupon-service] [pool-7-thread-1] c.o.couponservice.service.CouponService  : Requesting new coupon for user: user-setup-0, type: MEGADEAL
2026-02-02T10:41:18.682+03:00 DEBUG 38084 --- [coupon-service] [pool-7-thread-1] c.o.couponservice.service.CouponService  : Handling MEGADEAL request for user: user-setup-0
2026-02-02T10:41:18.683+03:00  INFO 38084 --- [coupon-service] [pool-7-thread-10] c.o.couponservice.service.CouponService  : Requesting new coupon for user: user-setup-9, type: MEGADEAL
2026-02-02T10:41:18.684+03:00  INFO 38084 --- [coupon-service] [pool-7-thread-5] c.o.couponservice.service.CouponService  : Requesting new coupon for user: user-setup-4, type: MEGADEAL
2026-02-02T10:41:18.684+03:00 DEBUG 38084 --- [coupon-service] [pool-7-thread-10] c.o.couponservice.service.CouponService  : Handling MEGADEAL request for user: user-setup-9
2026-02-02T10:41:18.684+03:00 DEBUG 38084 --- [coupon-service] [pool-7-thread-5] c.o.couponservice.service.CouponService  : Handling MEGADEAL request for user: user-setup-4
2026-02-02T10:41:18.680+03:00  INFO 38084 --- [coupon-service] [pool-7-thread-7] c.o.couponservice.service.CouponService  : Requesting new coupon for user: user-setup-6, type: MEGADEAL
2026-02-02T10:41:18.687+03:00  INFO 38084 --- [coupon-service] [pool-7-thread-4] c.o.couponservice.service.CouponService  : Requesting new coupon for user: user-setup-3, type: MEGADEAL
2026-02-02T10:41:18.680+03:00  INFO 38084 --- [coupon-service] [pool-7-thread-6] c.o.couponservice.service.CouponService  : Requesting new coupon for user: user-setup-5, type: MEGADEAL
2026-02-02T10:41:18.687+03:00 DEBUG 38084 --- [coupon-service] [pool-7-thread-7] c.o.couponservice.service.CouponService  : Handling MEGADEAL request for user: user-setup-6
2026-02-02T10:41:18.687+03:00  INFO 38084 --- [coupon-service] [pool-7-thread-2] c.o.couponservice.service.CouponService  : Generated new coupon: a826efc9-6b24-44ef-be3b-bc4ce4973944 of type: MEGADEAL
2026-02-02T10:41:18.693+03:00 DEBUG 38084 --- [coupon-service] [pool-7-thread-6] c.o.couponservice.service.CouponService  : Handling MEGADEAL request for user: user-setup-5
2026-02-02T10:41:18.692+03:00 DEBUG 38084 --- [coupon-service] [pool-7-thread-4] c.o.couponservice.service.CouponService  : Handling MEGADEAL request for user: user-setup-3
2026-02-02T10:41:18.698+03:00  INFO 38084 --- [coupon-service] [pool-7-thread-8] c.o.couponservice.service.CouponService  : Requesting new coupon for user: user-setup-7, type: MEGADEAL
2026-02-02T10:41:18.705+03:00 DEBUG 38084 --- [coupon-service] [pool-7-thread-8] c.o.couponservice.service.CouponService  : Handling MEGADEAL request for user: user-setup-7
2026-02-02T10:41:18.715+03:00  INFO 38084 --- [coupon-service] [pool-7-thread-9] c.o.couponservice.service.CouponService  : Requesting new coupon for user: user-setup-8, type: MEGADEAL
2026-02-02T10:41:18.717+03:00 DEBUG 38084 --- [coupon-service] [pool-7-thread-9] c.o.couponservice.service.CouponService  : Handling MEGADEAL request for user: user-setup-8
2026-02-02T10:41:18.729+03:00  INFO 38084 --- [coupon-service] [pool-7-thread-3] c.o.couponservice.service.CouponService  : Generated new coupon: 531f02a3-1393-44ca-871e-27de54b6f89f of type: MEGADEAL
2026-02-02T10:41:18.731+03:00  WARN 38084 --- [coupon-service] [pool-7-thread-4] c.o.couponservice.service.CouponService  : Could not acquire semaphore for MEGADEAL coupon
2026-02-02T10:41:18.731+03:00  WARN 38084 --- [coupon-service] [pool-7-thread-6] c.o.couponservice.service.CouponService  : Could not acquire semaphore for MEGADEAL coupon
2026-02-02T10:41:18.737+03:00  WARN 38084 --- [coupon-service] [pool-7-thread-8] c.o.couponservice.service.CouponService  : Could not acquire semaphore for MEGADEAL coupon
2026-02-02T10:41:18.741+03:00  WARN 38084 --- [coupon-service] [pool-7-thread-9] c.o.couponservice.service.CouponService  : Could not acquire semaphore for MEGADEAL coupon
2026-02-02T10:41:18.758+03:00  INFO 38084 --- [coupon-service] [pool-7-thread-5] c.o.couponservice.service.CouponService  : Generated new coupon: f9c45913-9f79-4232-b8c7-9d442d022637 of type: MEGADEAL
2026-02-02T10:41:18.765+03:00  INFO 38084 --- [coupon-service] [pool-7-thread-10] c.o.couponservice.service.CouponService  : Generated new coupon: 992407dc-2402-4c86-a100-a51e5a8c0757 of type: MEGADEAL
2026-02-02T10:41:18.767+03:00  INFO 38084 --- [coupon-service] [pool-7-thread-7] c.o.couponservice.service.CouponService  : Generated new coupon: 8cc3576d-aaec-4b54-a9d2-f2dad030e25e of type: MEGADEAL
2026-02-02T10:41:18.767+03:00  INFO 38084 --- [coupon-service] [pool-7-thread-1] c.o.couponservice.service.CouponService  : Generated new coupon: 20522e1c-2086-429b-81ab-4d982166978c of type: MEGADEAL
2026-02-02T10:41:18.826+03:00  INFO 38084 --- [coupon-service] [main] c.o.c.controller.CouponController        : Received request for new coupon from user: user-failing
2026-02-02T10:41:18.834+03:00  INFO 38084 --- [coupon-service] [main] c.o.couponservice.service.CouponService  : Requesting new coupon for user: user-failing, type: MEGADEAL
2026-02-02T10:41:18.836+03:00 DEBUG 38084 --- [coupon-service] [main] c.o.couponservice.service.CouponService  : Handling MEGADEAL request for user: user-failing
2026-02-02T10:41:18.884+03:00  INFO 38084 --- [coupon-service] [main] c.o.couponservice.service.CouponService  : Generated new coupon: 766593bb-e8e9-4844-8379-dbeab1d38f37 of type: MEGADEAL
2026-02-02T10:41:19.144+03:00  INFO 38084 --- [coupon-service] [SpringApplicationShutdownHook] o.s.boot.tomcat.GracefulShutdown         : Commencing graceful shutdown. Waiting for active requests to complete
2026-02-02T10:41:19.443+03:00  INFO 38084 --- [coupon-service] [tomcat-shutdown] o.s.boot.tomcat.GracefulShutdown         : Graceful shutdown complete
2026-02-02T10:41:19.645+03:00  INFO 38084 --- [coupon-service] [SpringApplicationShutdownHook] j.LocalContainerEntityManagerFactoryBean : Closing JPA EntityManagerFactory for persistence unit 'default'
2026-02-02T10:41:19.659+03:00  INFO 38084 --- [coupon-service] [SpringApplicationShutdownHook] com.zaxxer.hikari.HikariDataSource       : HikariPool-1 - Shutdown initiated...
2026-02-02T10:41:19.671+03:00  INFO 38084 --- [coupon-service] [SpringApplicationShutdownHook] com.zaxxer.hikari.HikariDataSource       : HikariPool-1 - Shutdown completed.
2026-02-02T10:41:19.714+03:00  INFO 38084 --- [coupon-service] [SpringApplicationShutdownHook] o.s.boot.tomcat.GracefulShutdown         : Commencing graceful shutdown. Waiting for active requests to complete
2026-02-02T10:41:19.923+03:00  INFO 38084 --- [coupon-service] [tomcat-shutdown] o.s.boot.tomcat.GracefulShutdown         : Graceful shutdown complete
2026-02-02T10:41:20.109+03:00  INFO 38084 --- [coupon-service] [SpringApplicationShutdownHook] j.LocalContainerEntityManagerFactoryBean : Closing JPA EntityManagerFactory for persistence unit 'default'
2026-02-02T10:41:20.113+03:00  INFO 38084 --- [coupon-service] [SpringApplicationShutdownHook] com.zaxxer.hikari.HikariDataSource       : HikariPool-2 - Shutdown initiated...
2026-02-02T10:41:20.173+03:00  INFO 38084 --- [coupon-service] [SpringApplicationShutdownHook] com.zaxxer.hikari.HikariDataSource       : HikariPool-2 - Shutdown completed.
2026-02-02T10:51:16.218+03:00  INFO 35708 --- [coupon-service] [main] c.o.c.CouponServiceIntegrationTests      : Starting CouponServiceIntegrationTests using Java 22.0.2 with PID 35708 (started by cagla.boynuegri in C:\Users\cagla.boynuegri\IdeaProjects\coupon-service-demo\coupon-service)
2026-02-02T10:51:16.224+03:00 DEBUG 35708 --- [coupon-service] [main] c.o.c.CouponServiceIntegrationTests      : Running with Spring Boot v4.0.2, Spring v7.0.3
2026-02-02T10:51:16.235+03:00  INFO 35708 --- [coupon-service] [main] c.o.c.CouponServiceIntegrationTests      : No active profile set, falling back to 1 default profile: "default"
2026-02-02T10:51:29.980+03:00  INFO 35708 --- [coupon-service] [main] .s.d.r.c.RepositoryConfigurationDelegate : Multiple Spring Data modules found, entering strict repository configuration mode
2026-02-02T10:51:30.001+03:00  INFO 35708 --- [coupon-service] [main] .s.d.r.c.RepositoryConfigurationDelegate : Bootstrapping Spring Data JPA repositories in DEFAULT mode.
2026-02-02T10:51:33.538+03:00  INFO 35708 --- [coupon-service] [main] .s.d.r.c.RepositoryConfigurationDelegate : Finished Spring Data repository scanning in 3441 ms. Found 2 JPA repository interfaces.
2026-02-02T10:51:33.854+03:00  INFO 35708 --- [coupon-service] [main] .s.d.r.c.RepositoryConfigurationDelegate : Multiple Spring Data modules found, entering strict repository configuration mode
2026-02-02T10:51:33.870+03:00  INFO 35708 --- [coupon-service] [main] .s.d.r.c.RepositoryConfigurationDelegate : Bootstrapping Spring Data Redis repositories in DEFAULT mode.
2026-02-02T10:51:34.281+03:00  INFO 35708 --- [coupon-service] [main] .RepositoryConfigurationExtensionSupport : Spring Data Redis - Could not safely identify store assignment for repository candidate interface com.onepin.couponservice.repository.CouponRepository; If you want this repository to be a Redis repository, consider annotating your entities with one of these annotations: org.springframework.data.redis.core.RedisHash (preferred), or consider extending one of the following types with your repository: org.springframework.data.keyvalue.repository.KeyValueRepository
2026-02-02T10:51:34.284+03:00  INFO 35708 --- [coupon-service] [main] .RepositoryConfigurationExtensionSupport : Spring Data Redis - Could not safely identify store assignment for repository candidate interface com.onepin.couponservice.repository.RedemptionRepository; If you want this repository to be a Redis repository, consider annotating your entities with one of these annotations: org.springframework.data.redis.core.RedisHash (preferred), or consider extending one of the following types with your repository: org.springframework.data.keyvalue.repository.KeyValueRepository
2026-02-02T10:51:34.285+03:00  INFO 35708 --- [coupon-service] [main] .s.d.r.c.RepositoryConfigurationDelegate : Finished Spring Data repository scanning in 291 ms. Found 0 Redis repository interfaces.
2026-02-02T10:51:43.255+03:00  INFO 35708 --- [coupon-service] [main] o.s.boot.tomcat.TomcatWebServer          : Tomcat initialized with port 0 (http)
2026-02-02T10:51:43.492+03:00  INFO 35708 --- [coupon-service] [main] o.apache.catalina.core.StandardService   : Starting service [Tomcat]
2026-02-02T10:51:43.509+03:00  INFO 35708 --- [coupon-service] [main] o.apache.catalina.core.StandardEngine    : Starting Servlet engine: [Apache Tomcat/11.0.15]
2026-02-02T10:51:45.634+03:00  INFO 35708 --- [coupon-service] [main] b.w.c.s.WebApplicationContextInitializer : Root WebApplicationContext: initialization completed in 29224 ms
2026-02-02T10:51:57.314+03:00  INFO 35708 --- [coupon-service] [main] org.hibernate.orm.jpa                    : HHH008540: Processing PersistenceUnitInfo [name: default]
2026-02-02T10:51:58.345+03:00  INFO 35708 --- [coupon-service] [main] org.hibernate.orm.core                   : HHH000001: Hibernate ORM core version 7.2.1.Final
2026-02-02T10:52:06.299+03:00  INFO 35708 --- [coupon-service] [main] o.s.o.j.p.SpringPersistenceUnitInfo      : No LoadTimeWeaver setup: ignoring JPA class transformer
2026-02-02T10:52:06.678+03:00  INFO 35708 --- [coupon-service] [main] com.zaxxer.hikari.HikariDataSource       : HikariPool-1 - Starting...
2026-02-02T10:52:09.134+03:00  INFO 35708 --- [coupon-service] [main] com.zaxxer.hikari.pool.HikariPool        : HikariPool-1 - Added connection conn0: url=jdbc:h2:mem:testdb user=SA
2026-02-02T10:52:09.158+03:00  INFO 35708 --- [coupon-service] [main] com.zaxxer.hikari.HikariDataSource       : HikariPool-1 - Start completed.
2026-02-02T10:52:09.639+03:00  WARN 35708 --- [coupon-service] [main] org.hibernate.orm.deprecation            : HHH90000025: H2Dialect does not need to be specified explicitly using 'hibernate.dialect' (remove the property setting and it will be selected by default)
2026-02-02T10:52:09.989+03:00  INFO 35708 --- [coupon-service] [main] org.hibernate.orm.connections.pooling    : HHH10001005: Database info:
	Database JDBC URL [jdbc:h2:mem:testdb]
	Database driver: H2 JDBC Driver
	Database dialect: H2Dialect
	Database version: 2.4.240
	Default catalog/schema: TESTDB/PUBLIC
	Autocommit mode: undefined/unknown
	Isolation level: READ_COMMITTED [default READ_COMMITTED]
	JDBC fetch size: 100
	Pool: DataSourceConnectionProvider
	Minimum pool size: undefined/unknown
	Maximum pool size: undefined/unknown
2026-02-02T10:52:21.666+03:00  INFO 35708 --- [coupon-service] [main] org.hibernate.orm.core                   : HHH000489: No JTA platform available (set 'hibernate.transaction.jta.platform' to enable JTA platform integration)
2026-02-02T10:52:21.728+03:00  INFO 35708 --- [coupon-service] [main] org.hibernate.orm.jdbc.batch             : HHH100501: Automatic JDBC statement batching enabled (maximum batch size 1000)
2026-02-02T10:52:22.562+03:00  INFO 35708 --- [coupon-service] [main] j.LocalContainerEntityManagerFactoryBean : Initialized JPA EntityManagerFactory for persistence unit 'default'
2026-02-02T10:52:24.734+03:00  INFO 35708 --- [coupon-service] [main] o.s.d.j.r.query.QueryEnhancerFactories   : Hibernate is in classpath; If applicable, HQL parser will be used.
2026-02-02T10:52:29.452+03:00  INFO 35708 --- [coupon-service] [main] org.redisson.Version                     : Redisson 4.1.0
2026-02-02T10:52:35.857+03:00  INFO 35708 --- [coupon-service] [redisson-netty-1-5] o.redisson.connection.ConnectionsHolder  : 1 connections initialized for localhost/127.0.0.1:6379
2026-02-02T10:52:38.280+03:00  INFO 35708 --- [coupon-service] [redisson-netty-1-20] o.redisson.connection.ConnectionsHolder  : 24 connections initialized for localhost/127.0.0.1:6379
2026-02-02T10:52:41.959+03:00  WARN 35708 --- [coupon-service] [main] JpaBaseConfiguration$JpaWebConfiguration : spring.jpa.open-in-view is enabled by default. Therefore, database queries may be performed during view rendering. Explicitly configure spring.jpa.open-in-view to disable this warning
2026-02-02T10:52:51.688+03:00  INFO 35708 --- [coupon-service] [main] o.a.c.c.C.[Tomcat].[localhost].[/]       : Initializing Spring TestDispatcherServlet ''
2026-02-02T10:52:51.690+03:00  INFO 35708 --- [coupon-service] [main] o.s.t.web.servlet.TestDispatcherServlet  : Initializing Servlet ''
2026-02-02T10:52:51.745+03:00  INFO 35708 --- [coupon-service] [main] o.s.b.a.e.web.EndpointLinksResolver      : Exposing 13 endpoints beneath base path '/actuator'
2026-02-02T10:52:51.913+03:00  INFO 35708 --- [coupon-service] [main] o.s.t.web.servlet.TestDispatcherServlet  : Completed initialization in 215 ms
2026-02-02T10:52:52.889+03:00  INFO 35708 --- [coupon-service] [main] o.s.boot.tomcat.TomcatWebServer          : Tomcat started on port 63891 (http) with context path '/'
2026-02-02T10:52:53.218+03:00  INFO 35708 --- [coupon-service] [main] c.o.c.CouponServiceIntegrationTests      : Started CouponServiceIntegrationTests in 103.431 seconds (process running for 127.432)
2026-02-02T10:52:53.296+03:00  INFO 35708 --- [coupon-service] [scheduling-1] c.o.couponservice.service.CouponService  : Starting scheduled purge of expired coupons
2026-02-02T10:52:57.013+03:00  INFO 35708 --- [coupon-service] [scheduling-1] c.o.couponservice.service.CouponService  : No expired unused coupons found to purge
2026-02-02T10:52:57.584+03:00  INFO 35708 --- [coupon-service] [pool-2-thread-3] c.o.couponservice.service.CouponService  : Requesting new coupon for user: user-2, type: MEGADEAL
2026-02-02T10:52:57.585+03:00  INFO 35708 --- [coupon-service] [pool-2-thread-2] c.o.couponservice.service.CouponService  : Requesting new coupon for user: user-1, type: MEGADEAL
2026-02-02T10:52:57.586+03:00 DEBUG 35708 --- [coupon-service] [pool-2-thread-3] c.o.couponservice.service.CouponService  : Handling MEGADEAL request for user: user-2
2026-02-02T10:52:57.586+03:00 DEBUG 35708 --- [coupon-service] [pool-2-thread-2] c.o.couponservice.service.CouponService  : Handling MEGADEAL request for user: user-1
2026-02-02T10:52:57.590+03:00  INFO 35708 --- [coupon-service] [pool-2-thread-4] c.o.couponservice.service.CouponService  : Requesting new coupon for user: user-3, type: MEGADEAL
2026-02-02T10:52:57.592+03:00 DEBUG 35708 --- [coupon-service] [pool-2-thread-4] c.o.couponservice.service.CouponService  : Handling MEGADEAL request for user: user-3
2026-02-02T10:52:57.593+03:00  INFO 35708 --- [coupon-service] [pool-2-thread-6] c.o.couponservice.service.CouponService  : Requesting new coupon for user: user-5, type: MEGADEAL
2026-02-02T10:52:57.594+03:00 DEBUG 35708 --- [coupon-service] [pool-2-thread-6] c.o.couponservice.service.CouponService  : Handling MEGADEAL request for user: user-5
2026-02-02T10:52:57.589+03:00  INFO 35708 --- [coupon-service] [pool-2-thread-1] c.o.couponservice.service.CouponService  : Requesting new coupon for user: user-0, type: MEGADEAL
2026-02-02T10:52:57.600+03:00  INFO 35708 --- [coupon-service] [pool-2-thread-5] c.o.couponservice.service.CouponService  : Requesting new coupon for user: user-4, type: MEGADEAL
2026-02-02T10:52:57.600+03:00  INFO 35708 --- [coupon-service] [pool-2-thread-7] c.o.couponservice.service.CouponService  : Requesting new coupon for user: user-6, type: MEGADEAL
2026-02-02T10:52:57.601+03:00 DEBUG 35708 --- [coupon-service] [pool-2-thread-5] c.o.couponservice.service.CouponService  : Handling MEGADEAL request for user: user-4
2026-02-02T10:52:57.601+03:00 DEBUG 35708 --- [coupon-service] [pool-2-thread-7] c.o.couponservice.service.CouponService  : Handling MEGADEAL request for user: user-6
2026-02-02T10:52:57.598+03:00 DEBUG 35708 --- [coupon-service] [pool-2-thread-1] c.o.couponservice.service.CouponService  : Handling MEGADEAL request for user: user-0
2026-02-02T10:52:57.649+03:00  INFO 35708 --- [coupon-service] [pool-2-thread-8] c.o.couponservice.service.CouponService  : Requesting new coupon for user: user-7, type: MEGADEAL
2026-02-02T10:52:57.653+03:00 DEBUG 35708 --- [coupon-service] [pool-2-thread-8] c.o.couponservice.service.CouponService  : Handling MEGADEAL request for user: user-7
2026-02-02T10:52:57.662+03:00  INFO 35708 --- [coupon-service] [pool-2-thread-11] c.o.couponservice.service.CouponService  : Requesting new coupon for user: user-10, type: MEGADEAL
2026-02-02T10:52:57.666+03:00 DEBUG 35708 --- [coupon-service] [pool-2-thread-11] c.o.couponservice.service.CouponService  : Handling MEGADEAL request for user: user-10
2026-02-02T10:52:57.680+03:00  INFO 35708 --- [coupon-service] [pool-2-thread-10] c.o.couponservice.service.CouponService  : Requesting new coupon for user: user-9, type: MEGADEAL
2026-02-02T10:52:57.681+03:00 DEBUG 35708 --- [coupon-service] [pool-2-thread-10] c.o.couponservice.service.CouponService  : Handling MEGADEAL request for user: user-9
2026-02-02T10:52:57.892+03:00  INFO 35708 --- [coupon-service] [pool-2-thread-5] c.o.couponservice.service.CouponService  : Generated new coupon: 1ef93e0f-2773-4ac7-a95a-848af6947217 of type: MEGADEAL
2026-02-02T10:52:57.895+03:00  INFO 35708 --- [coupon-service] [pool-2-thread-1] c.o.couponservice.service.CouponService  : Generated new coupon: fa7d1de3-10e5-4451-9623-b5bf8d4fd483 of type: MEGADEAL
2026-02-02T10:52:57.899+03:00  INFO 35708 --- [coupon-service] [pool-2-thread-3] c.o.couponservice.service.CouponService  : Generated new coupon: fce93128-f3eb-400e-b691-e701e009188c of type: MEGADEAL
2026-02-02T10:52:57.900+03:00  INFO 35708 --- [coupon-service] [pool-2-thread-6] c.o.couponservice.service.CouponService  : Generated new coupon: 0243862e-2e0e-4c08-a6f1-e84659cb2148 of type: MEGADEAL
2026-02-02T10:52:57.904+03:00  INFO 35708 --- [coupon-service] [pool-2-thread-2] c.o.couponservice.service.CouponService  : Generated new coupon: f17131c5-60b3-4fe6-8b07-17ff83f3a85d of type: MEGADEAL
2026-02-02T10:52:57.963+03:00  INFO 35708 --- [coupon-service] [pool-2-thread-10] c.o.couponservice.service.CouponService  : Generated new coupon: 1cec90c0-f19f-4900-b8aa-11469aa1f537 of type: MEGADEAL
2026-02-02T10:52:57.964+03:00  INFO 35708 --- [coupon-service] [pool-2-thread-11] c.o.couponservice.service.CouponService  : Generated new coupon: b5f35785-038e-402b-9302-d3f1bd331b6b of type: MEGADEAL
2026-02-02T10:52:57.985+03:00  INFO 35708 --- [coupon-service] [pool-2-thread-8] c.o.couponservice.service.CouponService  : Generated new coupon: 4a4bafab-1d0a-459b-9ae9-c875c76ef4ea of type: MEGADEAL
2026-02-02T10:52:57.989+03:00  INFO 35708 --- [coupon-service] [pool-2-thread-7] c.o.couponservice.service.CouponService  : Generated new coupon: 9c76c698-b176-448b-9c84-069200531865 of type: MEGADEAL
2026-02-02T10:52:58.141+03:00  INFO 35708 --- [coupon-service] [pool-2-thread-4] c.o.couponservice.service.CouponService  : Generated new coupon: 706947f7-3958-4f6d-a17d-c6742dc60665 of type: MEGADEAL
2026-02-02T10:52:58.286+03:00  INFO 35708 --- [coupon-service] [pool-2-thread-9] c.o.couponservice.service.CouponService  : Requesting new coupon for user: user-8, type: MEGADEAL
2026-02-02T10:52:58.288+03:00 DEBUG 35708 --- [coupon-service] [pool-2-thread-9] c.o.couponservice.service.CouponService  : Handling MEGADEAL request for user: user-8
2026-02-02T10:52:58.703+03:00  INFO 35708 --- [coupon-service] [pool-2-thread-9] c.o.couponservice.service.CouponService  : Generated new coupon: a8da8e2a-8adb-4b04-8fb9-d8cd9ada0dce of type: MEGADEAL
2026-02-02T10:53:01.376+03:00  INFO 35708 --- [coupon-service] [pool-3-thread-1] c.o.c.controller.CouponController        : Received redemption request for coupon: CONCURRENT-123
2026-02-02T10:53:01.377+03:00  INFO 35708 --- [coupon-service] [pool-3-thread-2] c.o.c.controller.CouponController        : Received redemption request for coupon: CONCURRENT-123
2026-02-02T10:53:01.381+03:00  INFO 35708 --- [coupon-service] [pool-3-thread-2] c.o.couponservice.service.CouponService  : Redeeming coupon: CONCURRENT-123 for user: user-2
2026-02-02T10:53:01.381+03:00  INFO 35708 --- [coupon-service] [pool-3-thread-1] c.o.couponservice.service.CouponService  : Redeeming coupon: CONCURRENT-123 for user: user-1
2026-02-02T10:53:01.553+03:00  INFO 35708 --- [coupon-service] [pool-3-thread-2] c.o.couponservice.service.CouponService  : Successfully redeemed coupon: CONCURRENT-123
2026-02-02T10:53:01.553+03:00  INFO 35708 --- [coupon-service] [pool-3-thread-1] c.o.couponservice.service.CouponService  : Successfully redeemed coupon: CONCURRENT-123
2026-02-02T10:53:01.610+03:00  INFO 35708 --- [coupon-service] [pool-3-thread-2] org.hibernate.orm.jdbc.batch             : HHH100503: JDBC batch still contained JDBC statements on release
2026-02-02T10:53:01.683+03:00  WARN 35708 --- [coupon-service] [pool-3-thread-2] c.o.c.exception.GlobalExceptionHandler   : Optimistic locking failure: Batch update returned unexpected row count from update 0 (expected row count 1 but was 0) [update coupons set current_usages=?,discount_amount=?,expiry_date=?,is_percentage=?,max_usages=?,type=?,version=? where code=? and version=?] for entity [com.onepin.couponservice.model.Coupon with id 'CONCURRENT-123']
2026-02-02T10:53:02.747+03:00  INFO 35708 --- [coupon-service] [main] c.o.c.controller.CouponController        : Received request to upload 2000 coupons
2026-02-02T10:53:02.845+03:00  INFO 35708 --- [coupon-service] [main] c.o.couponservice.service.CouponService  : Uploading 2000 coupons
2026-02-02T10:53:06.943+03:00  INFO 35708 --- [coupon-service] [main] c.o.couponservice.service.CouponService  : Successfully uploaded 2000 coupons
2026-02-02T10:53:10.317+03:00  INFO 35708 --- [coupon-service] [pool-4-thread-1] c.o.c.controller.CouponController        : Received request for new coupon from user: user-0
2026-02-02T10:53:10.320+03:00  INFO 35708 --- [coupon-service] [pool-4-thread-1] c.o.couponservice.service.CouponService  : Requesting new coupon for user: user-0, type: MEGADEAL
2026-02-02T10:53:10.322+03:00 DEBUG 35708 --- [coupon-service] [pool-4-thread-1] c.o.couponservice.service.CouponService  : Handling MEGADEAL request for user: user-0
2026-02-02T10:53:10.330+03:00  INFO 35708 --- [coupon-service] [pool-4-thread-2] c.o.c.controller.CouponController        : Received request for new coupon from user: user-1
2026-02-02T10:53:10.332+03:00  INFO 35708 --- [coupon-service] [pool-4-thread-2] c.o.couponservice.service.CouponService  : Requesting new coupon for user: user-1, type: MEGADEAL
2026-02-02T10:53:10.333+03:00 DEBUG 35708 --- [coupon-service] [pool-4-thread-2] c.o.couponservice.service.CouponService  : Handling MEGADEAL request for user: user-1
2026-02-02T10:53:10.360+03:00  INFO 35708 --- [coupon-service] [pool-4-thread-1] c.o.couponservice.service.CouponService  : Generated new coupon: 4cbebe74-7fde-485f-9819-b6519ceb36f0 of type: MEGADEAL
2026-02-02T10:53:10.385+03:00  INFO 35708 --- [coupon-service] [pool-4-thread-2] c.o.couponservice.service.CouponService  : Generated new coupon: d6792782-246c-4292-bf7e-a4da8fbcefbb of type: MEGADEAL
2026-02-02T10:53:10.447+03:00  INFO 35708 --- [coupon-service] [pool-4-thread-5] c.o.c.controller.CouponController        : Received request for new coupon from user: user-4
2026-02-02T10:53:10.449+03:00  INFO 35708 --- [coupon-service] [pool-4-thread-5] c.o.couponservice.service.CouponService  : Requesting new coupon for user: user-4, type: MEGADEAL
2026-02-02T10:53:10.450+03:00 DEBUG 35708 --- [coupon-service] [pool-4-thread-5] c.o.couponservice.service.CouponService  : Handling MEGADEAL request for user: user-4
2026-02-02T10:53:10.485+03:00  INFO 35708 --- [coupon-service] [pool-4-thread-3] c.o.c.controller.CouponController        : Received request for new coupon from user: user-2
2026-02-02T10:53:10.493+03:00  INFO 35708 --- [coupon-service] [pool-4-thread-3] c.o.couponservice.service.CouponService  : Requesting new coupon for user: user-2, type: MEGADEAL
2026-02-02T10:53:10.514+03:00  INFO 35708 --- [coupon-service] [pool-4-thread-4] c.o.c.controller.CouponController        : Received request for new coupon from user: user-3
2026-02-02T10:53:10.516+03:00  INFO 35708 --- [coupon-service] [pool-4-thread-4] c.o.couponservice.service.CouponService  : Requesting new coupon for user: user-3, type: MEGADEAL
2026-02-02T10:53:10.518+03:00 DEBUG 35708 --- [coupon-service] [pool-4-thread-4] c.o.couponservice.service.CouponService  : Handling MEGADEAL request for user: user-3
2026-02-02T10:53:10.536+03:00  INFO 35708 --- [coupon-service] [pool-4-thread-6] c.o.c.controller.CouponController        : Received request for new coupon from user: user-5
2026-02-02T10:53:10.538+03:00  INFO 35708 --- [coupon-service] [pool-4-thread-6] c.o.couponservice.service.CouponService  : Requesting new coupon for user: user-5, type: MEGADEAL
2026-02-02T10:53:10.539+03:00 DEBUG 35708 --- [coupon-service] [pool-4-thread-6] c.o.couponservice.service.CouponService  : Handling MEGADEAL request for user: user-5
2026-02-02T10:53:10.496+03:00 DEBUG 35708 --- [coupon-service] [pool-4-thread-3] c.o.couponservice.service.CouponService  : Handling MEGADEAL request for user: user-2
2026-02-02T10:53:10.606+03:00  INFO 35708 --- [coupon-service] [pool-4-thread-5] c.o.couponservice.service.CouponService  : Generated new coupon: 8978bcb4-093a-4a11-ac15-6bdbe3feb829 of type: MEGADEAL
2026-02-02T10:53:10.665+03:00  INFO 35708 --- [coupon-service] [pool-4-thread-4] c.o.couponservice.service.CouponService  : Generated new coupon: 1bb0ae54-6d2d-4cc9-93a1-8b16c6c1ae9f of type: MEGADEAL
2026-02-02T10:53:10.671+03:00  INFO 35708 --- [coupon-service] [pool-4-thread-3] c.o.couponservice.service.CouponService  : Generated new coupon: 4ffaaa0b-b502-45e5-940d-78c9a61ebf20 of type: MEGADEAL
2026-02-02T10:53:10.689+03:00  INFO 35708 --- [coupon-service] [pool-4-thread-6] c.o.couponservice.service.CouponService  : Generated new coupon: 315da45f-b963-4593-8261-308a4ec14469 of type: MEGADEAL
2026-02-02T10:53:14.164+03:00  INFO 35708 --- [coupon-service] [main] c.o.c.controller.CouponController        : Received request to upload 50001 coupons
2026-02-02T10:53:14.169+03:00  INFO 35708 --- [coupon-service] [main] c.o.couponservice.service.CouponService  : Uploading 50001 coupons
2026-02-02T10:53:14.171+03:00 ERROR 35708 --- [coupon-service] [main] c.o.couponservice.service.CouponService  : Batch size 50001 exceeds limit of 50000
2026-02-02T10:53:14.292+03:00  INFO 35708 --- [coupon-service] [pool-5-thread-3] c.o.couponservice.service.CouponService  : Requesting new coupon for user: user-setup-2, type: MEGADEAL
2026-02-02T10:53:14.294+03:00 DEBUG 35708 --- [coupon-service] [pool-5-thread-3] c.o.couponservice.service.CouponService  : Handling MEGADEAL request for user: user-setup-2
2026-02-02T10:53:14.292+03:00  INFO 35708 --- [coupon-service] [pool-5-thread-4] c.o.couponservice.service.CouponService  : Requesting new coupon for user: user-setup-3, type: MEGADEAL
2026-02-02T10:53:14.296+03:00 DEBUG 35708 --- [coupon-service] [pool-5-thread-4] c.o.couponservice.service.CouponService  : Handling MEGADEAL request for user: user-setup-3
2026-02-02T10:53:14.299+03:00  INFO 35708 --- [coupon-service] [pool-5-thread-7] c.o.couponservice.service.CouponService  : Requesting new coupon for user: user-setup-6, type: MEGADEAL
2026-02-02T10:53:14.300+03:00 DEBUG 35708 --- [coupon-service] [pool-5-thread-7] c.o.couponservice.service.CouponService  : Handling MEGADEAL request for user: user-setup-6
2026-02-02T10:53:14.300+03:00  INFO 35708 --- [coupon-service] [pool-5-thread-8] c.o.couponservice.service.CouponService  : Requesting new coupon for user: user-setup-7, type: MEGADEAL
2026-02-02T10:53:14.302+03:00 DEBUG 35708 --- [coupon-service] [pool-5-thread-8] c.o.couponservice.service.CouponService  : Handling MEGADEAL request for user: user-setup-7
2026-02-02T10:53:14.352+03:00  INFO 35708 --- [coupon-service] [pool-5-thread-3] c.o.couponservice.service.CouponService  : Generated new coupon: bbc945c3-82aa-4999-a57b-4a29c745c6d7 of type: MEGADEAL
2026-02-02T10:53:14.352+03:00  INFO 35708 --- [coupon-service] [pool-5-thread-7] c.o.couponservice.service.CouponService  : Generated new coupon: 3fbe2912-c6d0-430e-adfb-e03dc36b6241 of type: MEGADEAL
2026-02-02T10:53:14.353+03:00  INFO 35708 --- [coupon-service] [pool-5-thread-10] c.o.couponservice.service.CouponService  : Requesting new coupon for user: user-setup-9, type: MEGADEAL
2026-02-02T10:53:14.352+03:00  INFO 35708 --- [coupon-service] [pool-5-thread-6] c.o.couponservice.service.CouponService  : Requesting new coupon for user: user-setup-5, type: MEGADEAL
2026-02-02T10:53:14.355+03:00  INFO 35708 --- [coupon-service] [pool-5-thread-4] c.o.couponservice.service.CouponService  : Generated new coupon: e3474ae6-2cfa-4168-b560-7ea031b4e8d3 of type: MEGADEAL
2026-02-02T10:53:14.357+03:00  INFO 35708 --- [coupon-service] [pool-5-thread-8] c.o.couponservice.service.CouponService  : Generated new coupon: 8e3b3749-e867-4dee-be2e-797af1c9c335 of type: MEGADEAL
2026-02-02T10:53:14.370+03:00 DEBUG 35708 --- [coupon-service] [pool-5-thread-6] c.o.couponservice.service.CouponService  : Handling MEGADEAL request for user: user-setup-5
2026-02-02T10:53:14.352+03:00  INFO 35708 --- [coupon-service] [pool-5-thread-2] c.o.couponservice.service.CouponService  : Requesting new coupon for user: user-setup-1, type: MEGADEAL
2026-02-02T10:53:14.370+03:00 DEBUG 35708 --- [coupon-service] [pool-5-thread-2] c.o.couponservice.service.CouponService  : Handling MEGADEAL request for user: user-setup-1
2026-02-02T10:53:14.350+03:00  INFO 35708 --- [coupon-service] [pool-5-thread-1] c.o.couponservice.service.CouponService  : Requesting new coupon for user: user-setup-0, type: MEGADEAL
2026-02-02T10:53:14.371+03:00 DEBUG 35708 --- [coupon-service] [pool-5-thread-1] c.o.couponservice.service.CouponService  : Handling MEGADEAL request for user: user-setup-0
2026-02-02T10:53:14.355+03:00  INFO 35708 --- [coupon-service] [pool-5-thread-5] c.o.couponservice.service.CouponService  : Requesting new coupon for user: user-setup-4, type: MEGADEAL
2026-02-02T10:53:14.354+03:00 DEBUG 35708 --- [coupon-service] [pool-5-thread-10] c.o.couponservice.service.CouponService  : Handling MEGADEAL request for user: user-setup-9
2026-02-02T10:53:14.372+03:00 DEBUG 35708 --- [coupon-service] [pool-5-thread-5] c.o.couponservice.service.CouponService  : Handling MEGADEAL request for user: user-setup-4
2026-02-02T10:53:14.353+03:00  INFO 35708 --- [coupon-service] [pool-5-thread-9] c.o.couponservice.service.CouponService  : Requesting new coupon for user: user-setup-8, type: MEGADEAL
2026-02-02T10:53:14.383+03:00 DEBUG 35708 --- [coupon-service] [pool-5-thread-9] c.o.couponservice.service.CouponService  : Handling MEGADEAL request for user: user-setup-8
2026-02-02T10:53:14.428+03:00  INFO 35708 --- [coupon-service] [pool-5-thread-5] c.o.couponservice.service.CouponService  : Generated new coupon: 9a1a7a54-2605-45e1-be21-c6c8ad51dfc0 of type: MEGADEAL
2026-02-02T10:53:14.428+03:00  INFO 35708 --- [coupon-service] [pool-5-thread-9] c.o.couponservice.service.CouponService  : Generated new coupon: e67bd6a9-aa42-4b54-b4a9-49826e5c53b9 of type: MEGADEAL
2026-02-02T10:53:14.432+03:00  INFO 35708 --- [coupon-service] [pool-5-thread-2] c.o.couponservice.service.CouponService  : Generated new coupon: da9c933e-be86-4806-b37e-fedd2dfec840 of type: MEGADEAL
2026-02-02T10:53:14.437+03:00  INFO 35708 --- [coupon-service] [pool-5-thread-1] c.o.couponservice.service.CouponService  : Generated new coupon: 71314dea-b216-4dce-858f-2735f1357462 of type: MEGADEAL
2026-02-02T10:53:14.462+03:00  INFO 35708 --- [coupon-service] [pool-5-thread-6] c.o.couponservice.service.CouponService  : Generated new coupon: 83eaca43-61de-4dab-af5b-66b0300ff133 of type: MEGADEAL
2026-02-02T10:53:14.501+03:00  INFO 35708 --- [coupon-service] [pool-5-thread-10] c.o.couponservice.service.CouponService  : Generated new coupon: 056b4383-b908-4655-9c58-088025944ee3 of type: MEGADEAL
2026-02-02T10:53:14.533+03:00  INFO 35708 --- [coupon-service] [pool-6-thread-1] c.o.couponservice.service.CouponService  : Requesting new coupon for user: user-wait, type: MEGADEAL
2026-02-02T10:53:14.539+03:00 DEBUG 35708 --- [coupon-service] [pool-6-thread-1] c.o.couponservice.service.CouponService  : Handling MEGADEAL request for user: user-wait
2026-02-02T10:53:15.415+03:00  INFO 35708 --- [coupon-service] [pool-6-thread-1] c.o.couponservice.service.CouponService  : Generated new coupon: 601f7ef8-8cbf-4df6-89df-d51e31cab801 of type: MEGADEAL
2026-02-02T10:53:15.683+03:00  INFO 35708 --- [coupon-service] [main] c.o.c.controller.CouponController        : Received redemption request for coupon: EXPIRED-123
2026-02-02T10:53:15.767+03:00  INFO 35708 --- [coupon-service] [main] c.o.couponservice.service.CouponService  : Redeeming coupon: EXPIRED-123 for user: user-1
2026-02-02T10:53:15.805+03:00  WARN 35708 --- [coupon-service] [main] c.o.couponservice.service.CouponService  : Coupon expired: EXPIRED-123
2026-02-02T10:53:16.294+03:00  INFO 35708 --- [coupon-service] [main] c.o.c.controller.CouponController        : Received redemption request for coupon: STANDARD-123
2026-02-02T10:53:16.304+03:00  INFO 35708 --- [coupon-service] [main] c.o.couponservice.service.CouponService  : Redeeming coupon: STANDARD-123 for user: user-1
2026-02-02T10:53:16.325+03:00  INFO 35708 --- [coupon-service] [main] c.o.couponservice.service.CouponService  : Successfully redeemed coupon: STANDARD-123
2026-02-02T10:53:16.390+03:00  INFO 35708 --- [coupon-service] [main] t.c.s.AnnotationConfigContextLoaderUtils : Could not detect default configuration classes for test class [com.onepin.couponservice.CouponServiceIntegrationTests$WhenRateLimitTimeoutIsZero]: WhenRateLimitTimeoutIsZero does not declare any static, non-private, non-final, nested classes annotated with @Configuration.
2026-02-02T10:53:16.424+03:00  INFO 35708 --- [coupon-service] [main] .b.t.c.SpringBootTestContextBootstrapper : Found @SpringBootConfiguration com.onepin.couponservice.CouponServiceApplication for test class com.onepin.couponservice.CouponServiceIntegrationTests$WhenRateLimitTimeoutIsZero
2026-02-02T10:53:16.670+03:00  INFO 35708 --- [coupon-service] [main] egrationTests$WhenRateLimitTimeoutIsZero : Starting CouponServiceIntegrationTests.WhenRateLimitTimeoutIsZero using Java 22.0.2 with PID 35708 (started by cagla.boynuegri in C:\Users\cagla.boynuegri\IdeaProjects\coupon-service-demo\coupon-service)
2026-02-02T10:53:16.676+03:00 DEBUG 35708 --- [coupon-service] [main] egrationTests$WhenRateLimitTimeoutIsZero : Running with Spring Boot v4.0.2, Spring v7.0.3
2026-02-02T10:53:16.678+03:00  INFO 35708 --- [coupon-service] [main] egrationTests$WhenRateLimitTimeoutIsZero : No active profile set, falling back to 1 default profile: "default"
2026-02-02T10:53:19.552+03:00  INFO 35708 --- [coupon-service] [main] .s.d.r.c.RepositoryConfigurationDelegate : Multiple Spring Data modules found, entering strict repository configuration mode
2026-02-02T10:53:19.554+03:00  INFO 35708 --- [coupon-service] [main] .s.d.r.c.RepositoryConfigurationDelegate : Bootstrapping Spring Data JPA repositories in DEFAULT mode.
2026-02-02T10:53:19.738+03:00  INFO 35708 --- [coupon-service] [main] .s.d.r.c.RepositoryConfigurationDelegate : Finished Spring Data repository scanning in 159 ms. Found 2 JPA repository interfaces.
2026-02-02T10:53:19.768+03:00  INFO 35708 --- [coupon-service] [main] .s.d.r.c.RepositoryConfigurationDelegate : Multiple Spring Data modules found, entering strict repository configuration mode
2026-02-02T10:53:19.780+03:00  INFO 35708 --- [coupon-service] [main] .s.d.r.c.RepositoryConfigurationDelegate : Bootstrapping Spring Data Redis repositories in DEFAULT mode.
2026-02-02T10:53:19.935+03:00  INFO 35708 --- [coupon-service] [main] .RepositoryConfigurationExtensionSupport : Spring Data Redis - Could not safely identify store assignment for repository candidate interface com.onepin.couponservice.repository.CouponRepository; If you want this repository to be a Redis repository, consider annotating your entities with one of these annotations: org.springframework.data.redis.core.RedisHash (preferred), or consider extending one of the following types with your repository: org.springframework.data.keyvalue.repository.KeyValueRepository
2026-02-02T10:53:19.937+03:00  INFO 35708 --- [coupon-service] [main] .RepositoryConfigurationExtensionSupport : Spring Data Redis - Could not safely identify store assignment for repository candidate interface com.onepin.couponservice.repository.RedemptionRepository; If you want this repository to be a Redis repository, consider annotating your entities with one of these annotations: org.springframework.data.redis.core.RedisHash (preferred), or consider extending one of the following types with your repository: org.springframework.data.keyvalue.repository.KeyValueRepository
2026-02-02T10:53:19.938+03:00  INFO 35708 --- [coupon-service] [main] .s.d.r.c.RepositoryConfigurationDelegate : Finished Spring Data repository scanning in 33 ms. Found 0 Redis repository interfaces.
2026-02-02T10:53:21.008+03:00  INFO 35708 --- [coupon-service] [main] o.s.boot.tomcat.TomcatWebServer          : Tomcat initialized with port 0 (http)
2026-02-02T10:53:21.014+03:00  INFO 35708 --- [coupon-service] [main] o.apache.catalina.core.StandardService   : Starting service [Tomcat]
2026-02-02T10:53:21.017+03:00  INFO 35708 --- [coupon-service] [main] o.apache.catalina.core.StandardEngine    : Starting Servlet engine: [Apache Tomcat/11.0.15]
2026-02-02T10:53:21.665+03:00  INFO 35708 --- [coupon-service] [main] b.w.c.s.WebApplicationContextInitializer : Root WebApplicationContext: initialization completed in 4968 ms
2026-02-02T10:53:22.138+03:00  INFO 35708 --- [coupon-service] [main] org.hibernate.orm.jpa                    : HHH008540: Processing PersistenceUnitInfo [name: default]
2026-02-02T10:53:22.522+03:00  INFO 35708 --- [coupon-service] [main] o.s.o.j.p.SpringPersistenceUnitInfo      : No LoadTimeWeaver setup: ignoring JPA class transformer
2026-02-02T10:53:22.529+03:00  INFO 35708 --- [coupon-service] [main] com.zaxxer.hikari.HikariDataSource       : HikariPool-2 - Starting...
2026-02-02T10:53:22.533+03:00  INFO 35708 --- [coupon-service] [main] com.zaxxer.hikari.pool.HikariPool        : HikariPool-2 - Added connection conn10: url=jdbc:h2:mem:testdb user=SA
2026-02-02T10:53:22.534+03:00  INFO 35708 --- [coupon-service] [main] com.zaxxer.hikari.HikariDataSource       : HikariPool-2 - Start completed.
2026-02-02T10:53:22.542+03:00  WARN 35708 --- [coupon-service] [main] org.hibernate.orm.deprecation            : HHH90000025: H2Dialect does not need to be specified explicitly using 'hibernate.dialect' (remove the property setting and it will be selected by default)
2026-02-02T10:53:22.545+03:00  INFO 35708 --- [coupon-service] [main] org.hibernate.orm.connections.pooling    : HHH10001005: Database info:
	Database JDBC URL [jdbc:h2:mem:testdb]
	Database driver: H2 JDBC Driver
	Database dialect: H2Dialect
	Database version: 2.4.240
	Default catalog/schema: TESTDB/PUBLIC
	Autocommit mode: undefined/unknown
	Isolation level: READ_COMMITTED [default READ_COMMITTED]
	JDBC fetch size: 100
	Pool: DataSourceConnectionProvider
	Minimum pool size: undefined/unknown
	Maximum pool size: undefined/unknown
2026-02-02T10:53:22.905+03:00  INFO 35708 --- [coupon-service] [main] org.hibernate.orm.core                   : HHH000489: No JTA platform available (set 'hibernate.transaction.jta.platform' to enable JTA platform integration)
2026-02-02T10:53:22.906+03:00  INFO 35708 --- [coupon-service] [main] org.hibernate.orm.jdbc.batch             : HHH100501: Automatic JDBC statement batching enabled (maximum batch size 1000)
2026-02-02T10:53:22.967+03:00  INFO 35708 --- [coupon-service] [main] j.LocalContainerEntityManagerFactoryBean : Initialized JPA EntityManagerFactory for persistence unit 'default'
2026-02-02T10:53:23.553+03:00  INFO 35708 --- [coupon-service] [main] org.redisson.Version                     : Redisson 4.1.0
2026-02-02T10:53:24.312+03:00  INFO 35708 --- [coupon-service] [redisson-netty-5-5] o.redisson.connection.ConnectionsHolder  : 1 connections initialized for localhost/127.0.0.1:6379
2026-02-02T10:53:26.075+03:00  INFO 35708 --- [coupon-service] [redisson-netty-5-20] o.redisson.connection.ConnectionsHolder  : 24 connections initialized for localhost/127.0.0.1:6379
2026-02-02T10:53:26.480+03:00  WARN 35708 --- [coupon-service] [main] JpaBaseConfiguration$JpaWebConfiguration : spring.jpa.open-in-view is enabled by default. Therefore, database queries may be performed during view rendering. Explicitly configure spring.jpa.open-in-view to disable this warning
2026-02-02T10:53:28.345+03:00  INFO 35708 --- [coupon-service] [main] o.a.c.c.C.[Tomcat-1].[localhost].[/]     : Initializing Spring TestDispatcherServlet ''
2026-02-02T10:53:28.346+03:00  INFO 35708 --- [coupon-service] [main] o.s.t.web.servlet.TestDispatcherServlet  : Initializing Servlet ''
2026-02-02T10:53:28.363+03:00  INFO 35708 --- [coupon-service] [main] o.s.b.a.e.web.EndpointLinksResolver      : Exposing 13 endpoints beneath base path '/actuator'
2026-02-02T10:53:28.483+03:00  INFO 35708 --- [coupon-service] [main] o.s.t.web.servlet.TestDispatcherServlet  : Completed initialization in 135 ms
2026-02-02T10:53:28.617+03:00  INFO 35708 --- [coupon-service] [main] o.s.boot.tomcat.TomcatWebServer          : Tomcat started on port 63922 (http) with context path '/'
2026-02-02T10:53:28.728+03:00  INFO 35708 --- [coupon-service] [main] egrationTests$WhenRateLimitTimeoutIsZero : Started CouponServiceIntegrationTests.WhenRateLimitTimeoutIsZero in 12.221 seconds (process running for 162.942)
2026-02-02T10:53:28.802+03:00  INFO 35708 --- [coupon-service] [scheduling-1] c.o.couponservice.service.CouponService  : Starting scheduled purge of expired coupons
2026-02-02T10:53:28.836+03:00  INFO 35708 --- [coupon-service] [scheduling-1] c.o.couponservice.service.CouponService  : No expired unused coupons found to purge
2026-02-02T10:53:28.955+03:00  INFO 35708 --- [coupon-service] [main] c.o.couponservice.service.CouponService  : Requesting new coupon for user: user-setup-0, type: MEGADEAL
2026-02-02T10:53:28.956+03:00 DEBUG 35708 --- [coupon-service] [main] c.o.couponservice.service.CouponService  : Handling MEGADEAL request for user: user-setup-0
2026-02-02T10:53:28.996+03:00  INFO 35708 --- [coupon-service] [main] c.o.couponservice.service.CouponService  : Generated new coupon: 48601360-4961-4f06-b6b8-96abe0e101a8 of type: MEGADEAL
2026-02-02T10:53:29.020+03:00  INFO 35708 --- [coupon-service] [main] c.o.couponservice.service.CouponService  : Requesting new coupon for user: user-setup-1, type: MEGADEAL
2026-02-02T10:53:29.027+03:00 DEBUG 35708 --- [coupon-service] [main] c.o.couponservice.service.CouponService  : Handling MEGADEAL request for user: user-setup-1
2026-02-02T10:53:29.091+03:00  INFO 35708 --- [coupon-service] [main] c.o.couponservice.service.CouponService  : Generated new coupon: e2a77733-5493-42de-9725-166dd89751c5 of type: MEGADEAL
2026-02-02T10:53:29.126+03:00  INFO 35708 --- [coupon-service] [main] c.o.couponservice.service.CouponService  : Requesting new coupon for user: user-setup-2, type: MEGADEAL
2026-02-02T10:53:29.127+03:00 DEBUG 35708 --- [coupon-service] [main] c.o.couponservice.service.CouponService  : Handling MEGADEAL request for user: user-setup-2
2026-02-02T10:53:29.160+03:00  INFO 35708 --- [coupon-service] [main] c.o.couponservice.service.CouponService  : Generated new coupon: bdc74141-a3eb-4553-b7e5-a6fe5fd55b84 of type: MEGADEAL
2026-02-02T10:53:29.193+03:00  INFO 35708 --- [coupon-service] [main] c.o.couponservice.service.CouponService  : Requesting new coupon for user: user-setup-3, type: MEGADEAL
2026-02-02T10:53:29.194+03:00 DEBUG 35708 --- [coupon-service] [main] c.o.couponservice.service.CouponService  : Handling MEGADEAL request for user: user-setup-3
2026-02-02T10:53:29.225+03:00  INFO 35708 --- [coupon-service] [main] c.o.couponservice.service.CouponService  : Generated new coupon: 3abb83c2-e9fa-4d4c-b444-ab35dbb799c1 of type: MEGADEAL
2026-02-02T10:53:29.269+03:00  INFO 35708 --- [coupon-service] [main] c.o.couponservice.service.CouponService  : Requesting new coupon for user: user-setup-4, type: MEGADEAL
2026-02-02T10:53:29.270+03:00 DEBUG 35708 --- [coupon-service] [main] c.o.couponservice.service.CouponService  : Handling MEGADEAL request for user: user-setup-4
2026-02-02T10:53:29.301+03:00  INFO 35708 --- [coupon-service] [main] c.o.couponservice.service.CouponService  : Generated new coupon: 7afa58a3-f366-460d-b5d9-65b643f625d2 of type: MEGADEAL
2026-02-02T10:53:29.322+03:00  INFO 35708 --- [coupon-service] [main] c.o.couponservice.service.CouponService  : Requesting new coupon for user: user-setup-5, type: MEGADEAL
2026-02-02T10:53:29.327+03:00 DEBUG 35708 --- [coupon-service] [main] c.o.couponservice.service.CouponService  : Handling MEGADEAL request for user: user-setup-5
2026-02-02T10:53:29.351+03:00  INFO 35708 --- [coupon-service] [main] c.o.couponservice.service.CouponService  : Generated new coupon: 94c90863-8179-4c70-be14-1ff5cf67b4b5 of type: MEGADEAL
2026-02-02T10:53:29.369+03:00  INFO 35708 --- [coupon-service] [main] c.o.couponservice.service.CouponService  : Requesting new coupon for user: user-setup-6, type: MEGADEAL
2026-02-02T10:53:29.371+03:00 DEBUG 35708 --- [coupon-service] [main] c.o.couponservice.service.CouponService  : Handling MEGADEAL request for user: user-setup-6
2026-02-02T10:53:29.418+03:00  INFO 35708 --- [coupon-service] [main] c.o.couponservice.service.CouponService  : Generated new coupon: 3f528a11-e845-49c9-a36f-366a71e4bd36 of type: MEGADEAL
2026-02-02T10:53:29.453+03:00  INFO 35708 --- [coupon-service] [main] c.o.couponservice.service.CouponService  : Requesting new coupon for user: user-setup-7, type: MEGADEAL
2026-02-02T10:53:29.454+03:00 DEBUG 35708 --- [coupon-service] [main] c.o.couponservice.service.CouponService  : Handling MEGADEAL request for user: user-setup-7
2026-02-02T10:53:29.514+03:00  INFO 35708 --- [coupon-service] [main] c.o.couponservice.service.CouponService  : Generated new coupon: f65b6b7f-ee3b-42bc-9c15-cfc75e60abfa of type: MEGADEAL
2026-02-02T10:53:29.537+03:00  INFO 35708 --- [coupon-service] [main] c.o.couponservice.service.CouponService  : Requesting new coupon for user: user-setup-8, type: MEGADEAL
2026-02-02T10:53:29.538+03:00 DEBUG 35708 --- [coupon-service] [main] c.o.couponservice.service.CouponService  : Handling MEGADEAL request for user: user-setup-8
2026-02-02T10:53:29.586+03:00  INFO 35708 --- [coupon-service] [main] c.o.couponservice.service.CouponService  : Generated new coupon: cec0334a-ecfe-4e71-a699-90b4cc58d7bf of type: MEGADEAL
2026-02-02T10:53:29.617+03:00  INFO 35708 --- [coupon-service] [main] c.o.couponservice.service.CouponService  : Requesting new coupon for user: user-setup-9, type: MEGADEAL
2026-02-02T10:53:29.618+03:00 DEBUG 35708 --- [coupon-service] [main] c.o.couponservice.service.CouponService  : Handling MEGADEAL request for user: user-setup-9
2026-02-02T10:53:29.704+03:00  INFO 35708 --- [coupon-service] [main] c.o.couponservice.service.CouponService  : Generated new coupon: 6e95f5da-3bfe-4fbe-9c26-cb6127b26214 of type: MEGADEAL
2026-02-02T10:53:29.902+03:00  INFO 35708 --- [coupon-service] [main] c.o.c.controller.CouponController        : Received request for new coupon from user: user-failing
2026-02-02T10:53:29.903+03:00  INFO 35708 --- [coupon-service] [main] c.o.couponservice.service.CouponService  : Requesting new coupon for user: user-failing, type: MEGADEAL
2026-02-02T10:53:29.904+03:00 DEBUG 35708 --- [coupon-service] [main] c.o.couponservice.service.CouponService  : Handling MEGADEAL request for user: user-failing
2026-02-02T10:53:29.969+03:00  WARN 35708 --- [coupon-service] [main] c.o.couponservice.service.CouponService  : Rate limit exceeded for MEGADEAL coupon
2026-02-02T10:53:30.264+03:00  INFO 35708 --- [coupon-service] [SpringApplicationShutdownHook] o.s.boot.tomcat.GracefulShutdown         : Commencing graceful shutdown. Waiting for active requests to complete
2026-02-02T10:53:30.590+03:00  INFO 35708 --- [coupon-service] [tomcat-shutdown] o.s.boot.tomcat.GracefulShutdown         : Graceful shutdown complete
2026-02-02T10:53:30.771+03:00  INFO 35708 --- [coupon-service] [SpringApplicationShutdownHook] j.LocalContainerEntityManagerFactoryBean : Closing JPA EntityManagerFactory for persistence unit 'default'
2026-02-02T10:53:30.786+03:00  INFO 35708 --- [coupon-service] [SpringApplicationShutdownHook] com.zaxxer.hikari.HikariDataSource       : HikariPool-1 - Shutdown initiated...
2026-02-02T10:53:30.813+03:00  INFO 35708 --- [coupon-service] [SpringApplicationShutdownHook] com.zaxxer.hikari.HikariDataSource       : HikariPool-1 - Shutdown completed.
2026-02-02T10:53:30.861+03:00  INFO 35708 --- [coupon-service] [SpringApplicationShutdownHook] o.s.boot.tomcat.GracefulShutdown         : Commencing graceful shutdown. Waiting for active requests to complete
2026-02-02T10:53:31.020+03:00  INFO 35708 --- [coupon-service] [tomcat-shutdown] o.s.boot.tomcat.GracefulShutdown         : Graceful shutdown complete
2026-02-02T10:53:31.181+03:00  INFO 35708 --- [coupon-service] [SpringApplicationShutdownHook] j.LocalContainerEntityManagerFactoryBean : Closing JPA EntityManagerFactory for persistence unit 'default'
2026-02-02T10:53:31.185+03:00  INFO 35708 --- [coupon-service] [SpringApplicationShutdownHook] com.zaxxer.hikari.HikariDataSource       : HikariPool-2 - Shutdown initiated...
2026-02-02T10:53:31.244+03:00  INFO 35708 --- [coupon-service] [SpringApplicationShutdownHook] com.zaxxer.hikari.HikariDataSource       : HikariPool-2 - Shutdown completed.
2026-02-02T10:58:59.289+03:00  INFO 38516 --- [coupon-service] [main] c.o.c.CouponServiceIntegrationTests      : Starting CouponServiceIntegrationTests using Java 22.0.2 with PID 38516 (started by cagla.boynuegri in C:\Users\cagla.boynuegri\IdeaProjects\coupon-service-demo\coupon-service)
2026-02-02T10:58:59.305+03:00 DEBUG 38516 --- [coupon-service] [main] c.o.c.CouponServiceIntegrationTests      : Running with Spring Boot v4.0.2, Spring v7.0.3
2026-02-02T10:58:59.315+03:00  INFO 38516 --- [coupon-service] [main] c.o.c.CouponServiceIntegrationTests      : No active profile set, falling back to 1 default profile: "default"
2026-02-02T10:59:10.290+03:00  INFO 38516 --- [coupon-service] [main] .s.d.r.c.RepositoryConfigurationDelegate : Multiple Spring Data modules found, entering strict repository configuration mode
2026-02-02T10:59:10.308+03:00  INFO 38516 --- [coupon-service] [main] .s.d.r.c.RepositoryConfigurationDelegate : Bootstrapping Spring Data JPA repositories in DEFAULT mode.
2026-02-02T10:59:13.458+03:00  INFO 38516 --- [coupon-service] [main] .s.d.r.c.RepositoryConfigurationDelegate : Finished Spring Data repository scanning in 3068 ms. Found 2 JPA repository interfaces.
2026-02-02T10:59:13.793+03:00  INFO 38516 --- [coupon-service] [main] .s.d.r.c.RepositoryConfigurationDelegate : Multiple Spring Data modules found, entering strict repository configuration mode
2026-02-02T10:59:13.803+03:00  INFO 38516 --- [coupon-service] [main] .s.d.r.c.RepositoryConfigurationDelegate : Bootstrapping Spring Data Redis repositories in DEFAULT mode.
2026-02-02T10:59:13.992+03:00  INFO 38516 --- [coupon-service] [main] .RepositoryConfigurationExtensionSupport : Spring Data Redis - Could not safely identify store assignment for repository candidate interface com.onepin.couponservice.repository.CouponRepository; If you want this repository to be a Redis repository, consider annotating your entities with one of these annotations: org.springframework.data.redis.core.RedisHash (preferred), or consider extending one of the following types with your repository: org.springframework.data.keyvalue.repository.KeyValueRepository
2026-02-02T10:59:13.995+03:00  INFO 38516 --- [coupon-service] [main] .RepositoryConfigurationExtensionSupport : Spring Data Redis - Could not safely identify store assignment for repository candidate interface com.onepin.couponservice.repository.RedemptionRepository; If you want this repository to be a Redis repository, consider annotating your entities with one of these annotations: org.springframework.data.redis.core.RedisHash (preferred), or consider extending one of the following types with your repository: org.springframework.data.keyvalue.repository.KeyValueRepository
2026-02-02T10:59:13.998+03:00  INFO 38516 --- [coupon-service] [main] .s.d.r.c.RepositoryConfigurationDelegate : Finished Spring Data repository scanning in 90 ms. Found 0 Redis repository interfaces.
2026-02-02T10:59:21.894+03:00  INFO 38516 --- [coupon-service] [main] o.s.boot.tomcat.TomcatWebServer          : Tomcat initialized with port 0 (http)
2026-02-02T10:59:22.023+03:00  INFO 38516 --- [coupon-service] [main] o.apache.catalina.core.StandardService   : Starting service [Tomcat]
2026-02-02T10:59:22.028+03:00  INFO 38516 --- [coupon-service] [main] o.apache.catalina.core.StandardEngine    : Starting Servlet engine: [Apache Tomcat/11.0.15]
2026-02-02T10:59:22.884+03:00  INFO 38516 --- [coupon-service] [main] b.w.c.s.WebApplicationContextInitializer : Root WebApplicationContext: initialization completed in 23391 ms
2026-02-02T10:59:26.531+03:00  INFO 38516 --- [coupon-service] [main] org.hibernate.orm.jpa                    : HHH008540: Processing PersistenceUnitInfo [name: default]
2026-02-02T10:59:27.417+03:00  INFO 38516 --- [coupon-service] [main] org.hibernate.orm.core                   : HHH000001: Hibernate ORM core version 7.2.1.Final
2026-02-02T10:59:32.403+03:00  INFO 38516 --- [coupon-service] [main] o.s.o.j.p.SpringPersistenceUnitInfo      : No LoadTimeWeaver setup: ignoring JPA class transformer
2026-02-02T10:59:32.707+03:00  INFO 38516 --- [coupon-service] [main] com.zaxxer.hikari.HikariDataSource       : HikariPool-1 - Starting...
2026-02-02T10:59:34.429+03:00  INFO 38516 --- [coupon-service] [main] com.zaxxer.hikari.pool.HikariPool        : HikariPool-1 - Added connection conn0: url=jdbc:h2:mem:testdb user=SA
2026-02-02T10:59:34.537+03:00  INFO 38516 --- [coupon-service] [main] com.zaxxer.hikari.HikariDataSource       : HikariPool-1 - Start completed.
2026-02-02T10:59:34.754+03:00  WARN 38516 --- [coupon-service] [main] org.hibernate.orm.deprecation            : HHH90000025: H2Dialect does not need to be specified explicitly using 'hibernate.dialect' (remove the property setting and it will be selected by default)
2026-02-02T10:59:34.958+03:00  INFO 38516 --- [coupon-service] [main] org.hibernate.orm.connections.pooling    : HHH10001005: Database info:
	Database JDBC URL [jdbc:h2:mem:testdb]
	Database driver: H2 JDBC Driver
	Database dialect: H2Dialect
	Database version: 2.4.240
	Default catalog/schema: TESTDB/PUBLIC
	Autocommit mode: undefined/unknown
	Isolation level: READ_COMMITTED [default READ_COMMITTED]
	JDBC fetch size: 100
	Pool: DataSourceConnectionProvider
	Minimum pool size: undefined/unknown
	Maximum pool size: undefined/unknown
2026-02-02T10:59:44.221+03:00  INFO 38516 --- [coupon-service] [main] org.hibernate.orm.core                   : HHH000489: No JTA platform available (set 'hibernate.transaction.jta.platform' to enable JTA platform integration)
2026-02-02T10:59:44.262+03:00  INFO 38516 --- [coupon-service] [main] org.hibernate.orm.jdbc.batch             : HHH100501: Automatic JDBC statement batching enabled (maximum batch size 1000)
2026-02-02T10:59:44.861+03:00  INFO 38516 --- [coupon-service] [main] j.LocalContainerEntityManagerFactoryBean : Initialized JPA EntityManagerFactory for persistence unit 'default'
2026-02-02T10:59:46.326+03:00  INFO 38516 --- [coupon-service] [main] o.s.d.j.r.query.QueryEnhancerFactories   : Hibernate is in classpath; If applicable, HQL parser will be used.
2026-02-02T10:59:48.989+03:00  INFO 38516 --- [coupon-service] [main] org.redisson.Version                     : Redisson 4.1.0
2026-02-02T10:59:52.362+03:00  INFO 38516 --- [coupon-service] [redisson-netty-1-5] o.redisson.connection.ConnectionsHolder  : 1 connections initialized for localhost/127.0.0.1:6379
2026-02-02T10:59:53.996+03:00  INFO 38516 --- [coupon-service] [redisson-netty-1-20] o.redisson.connection.ConnectionsHolder  : 24 connections initialized for localhost/127.0.0.1:6379
2026-02-02T10:59:56.763+03:00  WARN 38516 --- [coupon-service] [main] JpaBaseConfiguration$JpaWebConfiguration : spring.jpa.open-in-view is enabled by default. Therefore, database queries may be performed during view rendering. Explicitly configure spring.jpa.open-in-view to disable this warning
2026-02-02T11:00:04.433+03:00  INFO 38516 --- [coupon-service] [main] o.a.c.c.C.[Tomcat].[localhost].[/]       : Initializing Spring TestDispatcherServlet ''
2026-02-02T11:00:04.435+03:00  INFO 38516 --- [coupon-service] [main] o.s.t.web.servlet.TestDispatcherServlet  : Initializing Servlet ''
2026-02-02T11:00:04.545+03:00  INFO 38516 --- [coupon-service] [main] o.s.b.a.e.web.EndpointLinksResolver      : Exposing 13 endpoints beneath base path '/actuator'
2026-02-02T11:00:04.664+03:00  INFO 38516 --- [coupon-service] [main] o.s.t.web.servlet.TestDispatcherServlet  : Completed initialization in 225 ms
2026-02-02T11:00:05.086+03:00  INFO 38516 --- [coupon-service] [main] o.s.boot.tomcat.TomcatWebServer          : Tomcat started on port 53709 (http) with context path '/'
2026-02-02T11:00:05.200+03:00  INFO 38516 --- [coupon-service] [main] c.o.c.CouponServiceIntegrationTests      : Started CouponServiceIntegrationTests in 71.057 seconds (process running for 88.996)
2026-02-02T11:00:05.262+03:00  INFO 38516 --- [coupon-service] [scheduling-1] c.o.couponservice.service.CouponService  : Starting scheduled purge of expired coupons
2026-02-02T11:00:09.892+03:00  INFO 38516 --- [coupon-service] [scheduling-1] c.o.couponservice.service.CouponService  : No expired unused coupons found to purge
2026-02-02T11:00:09.938+03:00  INFO 38516 --- [coupon-service] [pool-2-thread-2] c.o.couponservice.service.CouponService  : Requesting new coupon for user: user-1, type: MEGADEAL
2026-02-02T11:00:09.940+03:00 DEBUG 38516 --- [coupon-service] [pool-2-thread-2] c.o.couponservice.service.CouponService  : Handling MEGADEAL request for user: user-1
2026-02-02T11:00:09.945+03:00  INFO 38516 --- [coupon-service] [pool-2-thread-1] c.o.couponservice.service.CouponService  : Requesting new coupon for user: user-0, type: MEGADEAL
2026-02-02T11:00:09.948+03:00 DEBUG 38516 --- [coupon-service] [pool-2-thread-1] c.o.couponservice.service.CouponService  : Handling MEGADEAL request for user: user-0
2026-02-02T11:00:09.954+03:00  INFO 38516 --- [coupon-service] [pool-2-thread-3] c.o.couponservice.service.CouponService  : Requesting new coupon for user: user-2, type: MEGADEAL
2026-02-02T11:00:09.957+03:00  INFO 38516 --- [coupon-service] [pool-2-thread-7] c.o.couponservice.service.CouponService  : Requesting new coupon for user: user-6, type: MEGADEAL
2026-02-02T11:00:09.958+03:00 DEBUG 38516 --- [coupon-service] [pool-2-thread-7] c.o.couponservice.service.CouponService  : Handling MEGADEAL request for user: user-6
2026-02-02T11:00:09.958+03:00  INFO 38516 --- [coupon-service] [pool-2-thread-10] c.o.couponservice.service.CouponService  : Requesting new coupon for user: user-9, type: MEGADEAL
2026-02-02T11:00:09.957+03:00 DEBUG 38516 --- [coupon-service] [pool-2-thread-3] c.o.couponservice.service.CouponService  : Handling MEGADEAL request for user: user-2
2026-02-02T11:00:09.967+03:00  INFO 38516 --- [coupon-service] [pool-2-thread-5] c.o.couponservice.service.CouponService  : Requesting new coupon for user: user-4, type: MEGADEAL
2026-02-02T11:00:09.971+03:00  INFO 38516 --- [coupon-service] [pool-2-thread-8] c.o.couponservice.service.CouponService  : Requesting new coupon for user: user-7, type: MEGADEAL
2026-02-02T11:00:09.985+03:00 DEBUG 38516 --- [coupon-service] [pool-2-thread-8] c.o.couponservice.service.CouponService  : Handling MEGADEAL request for user: user-7
2026-02-02T11:00:09.972+03:00  INFO 38516 --- [coupon-service] [pool-2-thread-4] c.o.couponservice.service.CouponService  : Requesting new coupon for user: user-3, type: MEGADEAL
2026-02-02T11:00:09.950+03:00  INFO 38516 --- [coupon-service] [pool-2-thread-6] c.o.couponservice.service.CouponService  : Requesting new coupon for user: user-5, type: MEGADEAL
2026-02-02T11:00:09.978+03:00 DEBUG 38516 --- [coupon-service] [pool-2-thread-10] c.o.couponservice.service.CouponService  : Handling MEGADEAL request for user: user-9
2026-02-02T11:00:09.987+03:00 DEBUG 38516 --- [coupon-service] [pool-2-thread-4] c.o.couponservice.service.CouponService  : Handling MEGADEAL request for user: user-3
2026-02-02T11:00:09.978+03:00 DEBUG 38516 --- [coupon-service] [pool-2-thread-5] c.o.couponservice.service.CouponService  : Handling MEGADEAL request for user: user-4
2026-02-02T11:00:09.987+03:00 DEBUG 38516 --- [coupon-service] [pool-2-thread-6] c.o.couponservice.service.CouponService  : Handling MEGADEAL request for user: user-5
2026-02-02T11:00:09.966+03:00  INFO 38516 --- [coupon-service] [pool-2-thread-11] c.o.couponservice.service.CouponService  : Requesting new coupon for user: user-10, type: MEGADEAL
2026-02-02T11:00:09.991+03:00 DEBUG 38516 --- [coupon-service] [pool-2-thread-11] c.o.couponservice.service.CouponService  : Handling MEGADEAL request for user: user-10
2026-02-02T11:00:10.356+03:00  INFO 38516 --- [coupon-service] [pool-2-thread-1] c.o.couponservice.service.CouponService  : Generated new coupon: 952961db-7438-4a87-8272-eab6961e2a54 of type: MEGADEAL
2026-02-02T11:00:10.356+03:00  INFO 38516 --- [coupon-service] [pool-2-thread-6] c.o.couponservice.service.CouponService  : Generated new coupon: 7174e6bc-d219-47e4-8ef5-62386dada936 of type: MEGADEAL
2026-02-02T11:00:10.362+03:00  INFO 38516 --- [coupon-service] [pool-2-thread-8] c.o.couponservice.service.CouponService  : Generated new coupon: 32900a40-64a7-4b41-8c01-a9c34a9edccc of type: MEGADEAL
2026-02-02T11:00:10.375+03:00  INFO 38516 --- [coupon-service] [pool-2-thread-11] c.o.couponservice.service.CouponService  : Generated new coupon: e5906386-2855-48ec-a0de-622006eed5fc of type: MEGADEAL
2026-02-02T11:00:10.374+03:00  INFO 38516 --- [coupon-service] [pool-2-thread-2] c.o.couponservice.service.CouponService  : Generated new coupon: a43d67c3-af5f-4aba-8379-11186afea585 of type: MEGADEAL
2026-02-02T11:00:10.455+03:00  INFO 38516 --- [coupon-service] [pool-2-thread-10] c.o.couponservice.service.CouponService  : Generated new coupon: 7f35ee4c-977f-4232-805d-89ebfdd0c6bb of type: MEGADEAL
2026-02-02T11:00:10.461+03:00  INFO 38516 --- [coupon-service] [pool-2-thread-4] c.o.couponservice.service.CouponService  : Generated new coupon: e52e81cb-5e08-463b-a547-f9cf0ea47b2d of type: MEGADEAL
2026-02-02T11:00:10.502+03:00  INFO 38516 --- [coupon-service] [pool-2-thread-7] c.o.couponservice.service.CouponService  : Generated new coupon: 8947edb9-ae9e-423e-a48e-6bb3e8d8eba0 of type: MEGADEAL
2026-02-02T11:00:10.515+03:00  INFO 38516 --- [coupon-service] [pool-2-thread-3] c.o.couponservice.service.CouponService  : Generated new coupon: 251ae11d-120a-4388-a020-3eb43f4da014 of type: MEGADEAL
2026-02-02T11:00:10.537+03:00  INFO 38516 --- [coupon-service] [pool-2-thread-5] c.o.couponservice.service.CouponService  : Generated new coupon: 9df8d147-14cf-4f7e-8c71-2dc0060e3e91 of type: MEGADEAL
2026-02-02T11:00:10.640+03:00  INFO 38516 --- [coupon-service] [pool-2-thread-9] c.o.couponservice.service.CouponService  : Requesting new coupon for user: user-8, type: MEGADEAL
2026-02-02T11:00:10.641+03:00 DEBUG 38516 --- [coupon-service] [pool-2-thread-9] c.o.couponservice.service.CouponService  : Handling MEGADEAL request for user: user-8
2026-02-02T11:00:11.012+03:00  INFO 38516 --- [coupon-service] [pool-2-thread-9] c.o.couponservice.service.CouponService  : Generated new coupon: 49222db1-c60a-4cc6-846d-74f744d4efb9 of type: MEGADEAL
2026-02-02T11:00:12.879+03:00  INFO 38516 --- [coupon-service] [pool-3-thread-2] c.o.c.controller.CouponController        : Received redemption request for coupon: CONCURRENT-123
2026-02-02T11:00:12.883+03:00  INFO 38516 --- [coupon-service] [pool-3-thread-2] c.o.couponservice.service.CouponService  : Redeeming coupon: CONCURRENT-123 for user: user-2
2026-02-02T11:00:12.879+03:00  INFO 38516 --- [coupon-service] [pool-3-thread-1] c.o.c.controller.CouponController        : Received redemption request for coupon: CONCURRENT-123
2026-02-02T11:00:12.886+03:00  INFO 38516 --- [coupon-service] [pool-3-thread-1] c.o.couponservice.service.CouponService  : Redeeming coupon: CONCURRENT-123 for user: user-1
2026-02-02T11:00:13.006+03:00  INFO 38516 --- [coupon-service] [pool-3-thread-2] c.o.couponservice.service.CouponService  : Successfully redeemed coupon: CONCURRENT-123
2026-02-02T11:00:13.007+03:00  INFO 38516 --- [coupon-service] [pool-3-thread-1] c.o.couponservice.service.CouponService  : Successfully redeemed coupon: CONCURRENT-123
2026-02-02T11:00:13.072+03:00  INFO 38516 --- [coupon-service] [pool-3-thread-1] org.hibernate.orm.jdbc.batch             : HHH100503: JDBC batch still contained JDBC statements on release
2026-02-02T11:00:13.154+03:00  WARN 38516 --- [coupon-service] [pool-3-thread-1] c.o.c.exception.GlobalExceptionHandler   : Optimistic locking failure: Batch update returned unexpected row count from update 0 (expected row count 1 but was 0) [update coupons set current_usages=?,discount_amount=?,expiry_date=?,is_percentage=?,max_usages=?,type=?,version=? where code=? and version=?] for entity [com.onepin.couponservice.model.Coupon with id 'CONCURRENT-123']
2026-02-02T11:00:14.463+03:00  INFO 38516 --- [coupon-service] [main] c.o.c.controller.CouponController        : Received request to upload 2000 coupons
2026-02-02T11:00:14.467+03:00  INFO 38516 --- [coupon-service] [main] c.o.couponservice.service.CouponService  : Uploading 2000 coupons
2026-02-02T11:00:17.783+03:00  INFO 38516 --- [coupon-service] [main] c.o.couponservice.service.CouponService  : Successfully uploaded 2000 coupons
2026-02-02T11:00:21.552+03:00  INFO 38516 --- [coupon-service] [pool-4-thread-4] c.o.c.controller.CouponController        : Received request for new coupon from user: user-3
2026-02-02T11:00:21.555+03:00  INFO 38516 --- [coupon-service] [pool-4-thread-4] c.o.couponservice.service.CouponService  : Requesting new coupon for user: user-3, type: MEGADEAL
2026-02-02T11:00:21.556+03:00 DEBUG 38516 --- [coupon-service] [pool-4-thread-4] c.o.couponservice.service.CouponService  : Handling MEGADEAL request for user: user-3
2026-02-02T11:00:21.558+03:00  INFO 38516 --- [coupon-service] [pool-4-thread-2] c.o.c.controller.CouponController        : Received request for new coupon from user: user-1
2026-02-02T11:00:21.559+03:00  INFO 38516 --- [coupon-service] [pool-4-thread-3] c.o.c.controller.CouponController        : Received request for new coupon from user: user-2
2026-02-02T11:00:21.561+03:00  INFO 38516 --- [coupon-service] [pool-4-thread-3] c.o.couponservice.service.CouponService  : Requesting new coupon for user: user-2, type: MEGADEAL
2026-02-02T11:00:21.560+03:00  INFO 38516 --- [coupon-service] [pool-4-thread-2] c.o.couponservice.service.CouponService  : Requesting new coupon for user: user-1, type: MEGADEAL
2026-02-02T11:00:21.562+03:00 DEBUG 38516 --- [coupon-service] [pool-4-thread-3] c.o.couponservice.service.CouponService  : Handling MEGADEAL request for user: user-2
2026-02-02T11:00:21.573+03:00  INFO 38516 --- [coupon-service] [pool-4-thread-6] c.o.c.controller.CouponController        : Received request for new coupon from user: user-5
2026-02-02T11:00:21.558+03:00  INFO 38516 --- [coupon-service] [pool-4-thread-1] c.o.c.controller.CouponController        : Received request for new coupon from user: user-0
2026-02-02T11:00:21.581+03:00  INFO 38516 --- [coupon-service] [pool-4-thread-5] c.o.c.controller.CouponController        : Received request for new coupon from user: user-4
2026-02-02T11:00:21.583+03:00  INFO 38516 --- [coupon-service] [pool-4-thread-1] c.o.couponservice.service.CouponService  : Requesting new coupon for user: user-0, type: MEGADEAL
2026-02-02T11:00:21.583+03:00  INFO 38516 --- [coupon-service] [pool-4-thread-5] c.o.couponservice.service.CouponService  : Requesting new coupon for user: user-4, type: MEGADEAL
2026-02-02T11:00:21.584+03:00 DEBUG 38516 --- [coupon-service] [pool-4-thread-1] c.o.couponservice.service.CouponService  : Handling MEGADEAL request for user: user-0
2026-02-02T11:00:21.584+03:00 DEBUG 38516 --- [coupon-service] [pool-4-thread-5] c.o.couponservice.service.CouponService  : Handling MEGADEAL request for user: user-4
2026-02-02T11:00:21.562+03:00 DEBUG 38516 --- [coupon-service] [pool-4-thread-2] c.o.couponservice.service.CouponService  : Handling MEGADEAL request for user: user-1
2026-02-02T11:00:21.578+03:00  INFO 38516 --- [coupon-service] [pool-4-thread-6] c.o.couponservice.service.CouponService  : Requesting new coupon for user: user-5, type: MEGADEAL
2026-02-02T11:00:21.602+03:00 DEBUG 38516 --- [coupon-service] [pool-4-thread-6] c.o.couponservice.service.CouponService  : Handling MEGADEAL request for user: user-5
2026-02-02T11:00:21.619+03:00  INFO 38516 --- [coupon-service] [pool-4-thread-4] c.o.couponservice.service.CouponService  : Generated new coupon: af207788-9eae-4998-be4e-1c159db47a3a of type: MEGADEAL
2026-02-02T11:00:21.620+03:00  INFO 38516 --- [coupon-service] [pool-4-thread-1] c.o.couponservice.service.CouponService  : Generated new coupon: 80facadf-86ae-42b7-b10b-78be13e5cabd of type: MEGADEAL
2026-02-02T11:00:21.621+03:00  INFO 38516 --- [coupon-service] [pool-4-thread-5] c.o.couponservice.service.CouponService  : Generated new coupon: 11ff1819-a64a-4dda-a8b7-49e0b0e4d252 of type: MEGADEAL
2026-02-02T11:00:21.638+03:00  INFO 38516 --- [coupon-service] [pool-4-thread-3] c.o.couponservice.service.CouponService  : Generated new coupon: ea9a6792-abef-4ba7-aee9-948a98e0e918 of type: MEGADEAL
2026-02-02T11:00:21.638+03:00  INFO 38516 --- [coupon-service] [pool-4-thread-2] c.o.couponservice.service.CouponService  : Generated new coupon: 18b53da2-b679-49e7-ba0f-55cc1b54fbbd of type: MEGADEAL
2026-02-02T11:00:21.719+03:00  INFO 38516 --- [coupon-service] [pool-4-thread-6] c.o.couponservice.service.CouponService  : Generated new coupon: 6a8a5d13-4e31-493a-aab8-bae5ca5f8c67 of type: MEGADEAL
2026-02-02T11:00:23.849+03:00  INFO 38516 --- [coupon-service] [main] c.o.c.controller.CouponController        : Received request to upload 50001 coupons
2026-02-02T11:00:23.854+03:00  INFO 38516 --- [coupon-service] [main] c.o.couponservice.service.CouponService  : Uploading 50001 coupons
2026-02-02T11:00:23.857+03:00 ERROR 38516 --- [coupon-service] [main] c.o.couponservice.service.CouponService  : Batch size 50001 exceeds limit of 50000
2026-02-02T11:00:24.105+03:00  INFO 38516 --- [coupon-service] [pool-5-thread-1] c.o.couponservice.service.CouponService  : Requesting new coupon for user: user-setup-0, type: MEGADEAL
2026-02-02T11:00:24.107+03:00 DEBUG 38516 --- [coupon-service] [pool-5-thread-1] c.o.couponservice.service.CouponService  : Handling MEGADEAL request for user: user-setup-0
2026-02-02T11:00:24.131+03:00  INFO 38516 --- [coupon-service] [pool-5-thread-6] c.o.couponservice.service.CouponService  : Requesting new coupon for user: user-setup-5, type: MEGADEAL
2026-02-02T11:00:24.141+03:00 DEBUG 38516 --- [coupon-service] [pool-5-thread-6] c.o.couponservice.service.CouponService  : Handling MEGADEAL request for user: user-setup-5
2026-02-02T11:00:24.158+03:00  INFO 38516 --- [coupon-service] [pool-5-thread-2] c.o.couponservice.service.CouponService  : Requesting new coupon for user: user-setup-1, type: MEGADEAL
2026-02-02T11:00:24.160+03:00 DEBUG 38516 --- [coupon-service] [pool-5-thread-2] c.o.couponservice.service.CouponService  : Handling MEGADEAL request for user: user-setup-1
2026-02-02T11:00:24.206+03:00  INFO 38516 --- [coupon-service] [pool-5-thread-6] c.o.couponservice.service.CouponService  : Generated new coupon: ee4b9a7b-7a02-4aa5-a35f-a6976eae9cbc of type: MEGADEAL
2026-02-02T11:00:24.206+03:00  INFO 38516 --- [coupon-service] [pool-5-thread-1] c.o.couponservice.service.CouponService  : Generated new coupon: 1015fec4-41a3-4669-a7cd-1b7c49e16cd3 of type: MEGADEAL
2026-02-02T11:00:24.252+03:00  INFO 38516 --- [coupon-service] [pool-5-thread-4] c.o.couponservice.service.CouponService  : Requesting new coupon for user: user-setup-3, type: MEGADEAL
2026-02-02T11:00:24.270+03:00  INFO 38516 --- [coupon-service] [pool-5-thread-2] c.o.couponservice.service.CouponService  : Generated new coupon: bfd5ad20-8122-405b-957e-3531c4dd9069 of type: MEGADEAL
2026-02-02T11:00:24.253+03:00 DEBUG 38516 --- [coupon-service] [pool-5-thread-4] c.o.couponservice.service.CouponService  : Handling MEGADEAL request for user: user-setup-3
2026-02-02T11:00:24.399+03:00  INFO 38516 --- [coupon-service] [pool-5-thread-4] c.o.couponservice.service.CouponService  : Generated new coupon: cbce9a63-b7ba-4cd8-93ef-f6f63097c6df of type: MEGADEAL
2026-02-02T11:00:24.493+03:00  INFO 38516 --- [coupon-service] [pool-5-thread-9] c.o.couponservice.service.CouponService  : Requesting new coupon for user: user-setup-8, type: MEGADEAL
2026-02-02T11:00:24.493+03:00  INFO 38516 --- [coupon-service] [pool-5-thread-7] c.o.couponservice.service.CouponService  : Requesting new coupon for user: user-setup-6, type: MEGADEAL
2026-02-02T11:00:24.493+03:00  INFO 38516 --- [coupon-service] [pool-5-thread-10] c.o.couponservice.service.CouponService  : Requesting new coupon for user: user-setup-9, type: MEGADEAL
2026-02-02T11:00:24.493+03:00 DEBUG 38516 --- [coupon-service] [pool-5-thread-9] c.o.couponservice.service.CouponService  : Handling MEGADEAL request for user: user-setup-8
2026-02-02T11:00:24.494+03:00 DEBUG 38516 --- [coupon-service] [pool-5-thread-7] c.o.couponservice.service.CouponService  : Handling MEGADEAL request for user: user-setup-6
2026-02-02T11:00:24.494+03:00 DEBUG 38516 --- [coupon-service] [pool-5-thread-10] c.o.couponservice.service.CouponService  : Handling MEGADEAL request for user: user-setup-9
2026-02-02T11:00:24.505+03:00  INFO 38516 --- [coupon-service] [pool-5-thread-3] c.o.couponservice.service.CouponService  : Requesting new coupon for user: user-setup-2, type: MEGADEAL
2026-02-02T11:00:24.557+03:00 DEBUG 38516 --- [coupon-service] [pool-5-thread-3] c.o.couponservice.service.CouponService  : Handling MEGADEAL request for user: user-setup-2
2026-02-02T11:00:24.566+03:00  INFO 38516 --- [coupon-service] [pool-5-thread-10] c.o.couponservice.service.CouponService  : Generated new coupon: 97e0c4f8-fbfd-49fd-8c51-a6a104ac4a45 of type: MEGADEAL
2026-02-02T11:00:24.575+03:00  INFO 38516 --- [coupon-service] [pool-5-thread-9] c.o.couponservice.service.CouponService  : Generated new coupon: d3e09709-45ef-4538-b72a-ae2c3de541d0 of type: MEGADEAL
2026-02-02T11:00:24.588+03:00  INFO 38516 --- [coupon-service] [pool-5-thread-7] c.o.couponservice.service.CouponService  : Generated new coupon: 9bd147e5-29dd-470c-bf28-89e7e92da88f of type: MEGADEAL
2026-02-02T11:00:24.604+03:00  INFO 38516 --- [coupon-service] [pool-5-thread-3] c.o.couponservice.service.CouponService  : Generated new coupon: 016905c9-5f8c-43b4-ab80-99aa56a8b205 of type: MEGADEAL
2026-02-02T11:00:24.629+03:00  INFO 38516 --- [coupon-service] [pool-5-thread-5] c.o.couponservice.service.CouponService  : Requesting new coupon for user: user-setup-4, type: MEGADEAL
2026-02-02T11:00:24.633+03:00 DEBUG 38516 --- [coupon-service] [pool-5-thread-5] c.o.couponservice.service.CouponService  : Handling MEGADEAL request for user: user-setup-4
2026-02-02T11:00:24.617+03:00  INFO 38516 --- [coupon-service] [pool-5-thread-8] c.o.couponservice.service.CouponService  : Requesting new coupon for user: user-setup-7, type: MEGADEAL
2026-02-02T11:00:24.644+03:00 DEBUG 38516 --- [coupon-service] [pool-5-thread-8] c.o.couponservice.service.CouponService  : Handling MEGADEAL request for user: user-setup-7
2026-02-02T11:00:24.753+03:00  INFO 38516 --- [coupon-service] [pool-5-thread-8] c.o.couponservice.service.CouponService  : Generated new coupon: 97a27cc7-11f7-4a10-8d73-68571266aa62 of type: MEGADEAL
2026-02-02T11:00:24.828+03:00  INFO 38516 --- [coupon-service] [pool-5-thread-5] c.o.couponservice.service.CouponService  : Generated new coupon: 8fad178a-cb7e-465e-bf2b-93eae59f24e2 of type: MEGADEAL
2026-02-02T11:00:24.896+03:00  INFO 38516 --- [coupon-service] [pool-6-thread-1] c.o.couponservice.service.CouponService  : Requesting new coupon for user: user-wait, type: MEGADEAL
2026-02-02T11:00:24.898+03:00 DEBUG 38516 --- [coupon-service] [pool-6-thread-1] c.o.couponservice.service.CouponService  : Handling MEGADEAL request for user: user-wait
2026-02-02T11:00:25.288+03:00  INFO 38516 --- [coupon-service] [pool-6-thread-1] c.o.couponservice.service.CouponService  : Generated new coupon: deb5b6bc-cba7-49aa-a5e5-8acecaad7ec4 of type: MEGADEAL
2026-02-02T11:00:26.272+03:00  INFO 38516 --- [coupon-service] [main] c.o.c.controller.CouponController        : Received redemption request for coupon: EXPIRED-123
2026-02-02T11:00:26.273+03:00  INFO 38516 --- [coupon-service] [main] c.o.couponservice.service.CouponService  : Redeeming coupon: EXPIRED-123 for user: user-1
2026-02-02T11:00:26.285+03:00  WARN 38516 --- [coupon-service] [main] c.o.couponservice.service.CouponService  : Coupon expired: EXPIRED-123
2026-02-02T11:00:26.558+03:00  INFO 38516 --- [coupon-service] [main] c.o.c.controller.CouponController        : Received redemption request for coupon: STANDARD-123
2026-02-02T11:00:26.561+03:00  INFO 38516 --- [coupon-service] [main] c.o.couponservice.service.CouponService  : Redeeming coupon: STANDARD-123 for user: user-1
2026-02-02T11:00:26.593+03:00  INFO 38516 --- [coupon-service] [main] c.o.couponservice.service.CouponService  : Successfully redeemed coupon: STANDARD-123
2026-02-02T11:00:26.643+03:00  INFO 38516 --- [coupon-service] [main] t.c.s.AnnotationConfigContextLoaderUtils : Could not detect default configuration classes for test class [com.onepin.couponservice.CouponServiceIntegrationTests$WhenRateLimitTimeoutIsZero]: WhenRateLimitTimeoutIsZero does not declare any static, non-private, non-final, nested classes annotated with @Configuration.
2026-02-02T11:00:26.684+03:00  INFO 38516 --- [coupon-service] [main] .b.t.c.SpringBootTestContextBootstrapper : Found @SpringBootConfiguration com.onepin.couponservice.CouponServiceApplication for test class com.onepin.couponservice.CouponServiceIntegrationTests$WhenRateLimitTimeoutIsZero
2026-02-02T11:00:26.940+03:00  INFO 38516 --- [coupon-service] [main] egrationTests$WhenRateLimitTimeoutIsZero : Starting CouponServiceIntegrationTests.WhenRateLimitTimeoutIsZero using Java 22.0.2 with PID 38516 (started by cagla.boynuegri in C:\Users\cagla.boynuegri\IdeaProjects\coupon-service-demo\coupon-service)
2026-02-02T11:00:26.943+03:00 DEBUG 38516 --- [coupon-service] [main] egrationTests$WhenRateLimitTimeoutIsZero : Running with Spring Boot v4.0.2, Spring v7.0.3
2026-02-02T11:00:26.944+03:00  INFO 38516 --- [coupon-service] [main] egrationTests$WhenRateLimitTimeoutIsZero : No active profile set, falling back to 1 default profile: "default"
2026-02-02T11:00:31.593+03:00  INFO 38516 --- [coupon-service] [main] .s.d.r.c.RepositoryConfigurationDelegate : Multiple Spring Data modules found, entering strict repository configuration mode
2026-02-02T11:00:31.595+03:00  INFO 38516 --- [coupon-service] [main] .s.d.r.c.RepositoryConfigurationDelegate : Bootstrapping Spring Data JPA repositories in DEFAULT mode.
2026-02-02T11:00:31.777+03:00  INFO 38516 --- [coupon-service] [main] .s.d.r.c.RepositoryConfigurationDelegate : Finished Spring Data repository scanning in 164 ms. Found 2 JPA repository interfaces.
2026-02-02T11:00:31.861+03:00  INFO 38516 --- [coupon-service] [main] .s.d.r.c.RepositoryConfigurationDelegate : Multiple Spring Data modules found, entering strict repository configuration mode
2026-02-02T11:00:31.883+03:00  INFO 38516 --- [coupon-service] [main] .s.d.r.c.RepositoryConfigurationDelegate : Bootstrapping Spring Data Redis repositories in DEFAULT mode.
2026-02-02T11:00:31.962+03:00  INFO 38516 --- [coupon-service] [main] .RepositoryConfigurationExtensionSupport : Spring Data Redis - Could not safely identify store assignment for repository candidate interface com.onepin.couponservice.repository.CouponRepository; If you want this repository to be a Redis repository, consider annotating your entities with one of these annotations: org.springframework.data.redis.core.RedisHash (preferred), or consider extending one of the following types with your repository: org.springframework.data.keyvalue.repository.KeyValueRepository
2026-02-02T11:00:31.963+03:00  INFO 38516 --- [coupon-service] [main] .RepositoryConfigurationExtensionSupport : Spring Data Redis - Could not safely identify store assignment for repository candidate interface com.onepin.couponservice.repository.RedemptionRepository; If you want this repository to be a Redis repository, consider annotating your entities with one of these annotations: org.springframework.data.redis.core.RedisHash (preferred), or consider extending one of the following types with your repository: org.springframework.data.keyvalue.repository.KeyValueRepository
2026-02-02T11:00:31.964+03:00  INFO 38516 --- [coupon-service] [main] .s.d.r.c.RepositoryConfigurationDelegate : Finished Spring Data repository scanning in 63 ms. Found 0 Redis repository interfaces.
2026-02-02T11:00:33.545+03:00  INFO 38516 --- [coupon-service] [main] o.s.boot.tomcat.TomcatWebServer          : Tomcat initialized with port 0 (http)
2026-02-02T11:00:33.549+03:00  INFO 38516 --- [coupon-service] [main] o.apache.catalina.core.StandardService   : Starting service [Tomcat]
2026-02-02T11:00:33.551+03:00  INFO 38516 --- [coupon-service] [main] o.apache.catalina.core.StandardEngine    : Starting Servlet engine: [Apache Tomcat/11.0.15]
2026-02-02T11:00:34.390+03:00  INFO 38516 --- [coupon-service] [main] b.w.c.s.WebApplicationContextInitializer : Root WebApplicationContext: initialization completed in 6976 ms
2026-02-02T11:00:35.334+03:00  INFO 38516 --- [coupon-service] [main] org.hibernate.orm.jpa                    : HHH008540: Processing PersistenceUnitInfo [name: default]
2026-02-02T11:00:40.397+03:00  INFO 38516 --- [coupon-service] [main] o.s.o.j.p.SpringPersistenceUnitInfo      : No LoadTimeWeaver setup: ignoring JPA class transformer
2026-02-02T11:00:40.404+03:00  INFO 38516 --- [coupon-service] [main] com.zaxxer.hikari.HikariDataSource       : HikariPool-2 - Starting...
2026-02-02T11:00:40.411+03:00  INFO 38516 --- [coupon-service] [main] com.zaxxer.hikari.pool.HikariPool        : HikariPool-2 - Added connection conn10: url=jdbc:h2:mem:testdb user=SA
2026-02-02T11:00:40.413+03:00  INFO 38516 --- [coupon-service] [main] com.zaxxer.hikari.HikariDataSource       : HikariPool-2 - Start completed.
2026-02-02T11:00:40.415+03:00  WARN 38516 --- [coupon-service] [main] org.hibernate.orm.deprecation            : HHH90000025: H2Dialect does not need to be specified explicitly using 'hibernate.dialect' (remove the property setting and it will be selected by default)
2026-02-02T11:00:40.434+03:00  INFO 38516 --- [coupon-service] [main] org.hibernate.orm.connections.pooling    : HHH10001005: Database info:
	Database JDBC URL [jdbc:h2:mem:testdb]
	Database driver: H2 JDBC Driver
	Database dialect: H2Dialect
	Database version: 2.4.240
	Default catalog/schema: TESTDB/PUBLIC
	Autocommit mode: undefined/unknown
	Isolation level: READ_COMMITTED [default READ_COMMITTED]
	JDBC fetch size: 100
	Pool: DataSourceConnectionProvider
	Minimum pool size: undefined/unknown
	Maximum pool size: undefined/unknown
2026-02-02T11:00:41.142+03:00  INFO 38516 --- [coupon-service] [main] org.hibernate.orm.core                   : HHH000489: No JTA platform available (set 'hibernate.transaction.jta.platform' to enable JTA platform integration)
2026-02-02T11:00:41.147+03:00  INFO 38516 --- [coupon-service] [main] org.hibernate.orm.jdbc.batch             : HHH100501: Automatic JDBC statement batching enabled (maximum batch size 1000)
2026-02-02T11:00:41.260+03:00  INFO 38516 --- [coupon-service] [main] j.LocalContainerEntityManagerFactoryBean : Initialized JPA EntityManagerFactory for persistence unit 'default'
2026-02-02T11:00:41.902+03:00  INFO 38516 --- [coupon-service] [main] org.redisson.Version                     : Redisson 4.1.0
2026-02-02T11:00:42.631+03:00  INFO 38516 --- [coupon-service] [redisson-netty-5-6] o.redisson.connection.ConnectionsHolder  : 1 connections initialized for localhost/127.0.0.1:6379
2026-02-02T11:00:44.847+03:00  INFO 38516 --- [coupon-service] [redisson-netty-5-20] o.redisson.connection.ConnectionsHolder  : 24 connections initialized for localhost/127.0.0.1:6379
2026-02-02T11:00:45.284+03:00  WARN 38516 --- [coupon-service] [main] JpaBaseConfiguration$JpaWebConfiguration : spring.jpa.open-in-view is enabled by default. Therefore, database queries may be performed during view rendering. Explicitly configure spring.jpa.open-in-view to disable this warning
2026-02-02T11:00:46.882+03:00  INFO 38516 --- [coupon-service] [main] o.a.c.c.C.[Tomcat-1].[localhost].[/]     : Initializing Spring TestDispatcherServlet ''
2026-02-02T11:00:46.885+03:00  INFO 38516 --- [coupon-service] [main] o.s.t.web.servlet.TestDispatcherServlet  : Initializing Servlet ''
2026-02-02T11:00:46.905+03:00  INFO 38516 --- [coupon-service] [main] o.s.b.a.e.web.EndpointLinksResolver      : Exposing 13 endpoints beneath base path '/actuator'
2026-02-02T11:00:46.968+03:00  INFO 38516 --- [coupon-service] [main] o.s.t.web.servlet.TestDispatcherServlet  : Completed initialization in 83 ms
2026-02-02T11:00:47.051+03:00  INFO 38516 --- [coupon-service] [main] o.s.boot.tomcat.TomcatWebServer          : Tomcat started on port 53747 (http) with context path '/'
2026-02-02T11:00:47.088+03:00  INFO 38516 --- [coupon-service] [main] egrationTests$WhenRateLimitTimeoutIsZero : Started CouponServiceIntegrationTests.WhenRateLimitTimeoutIsZero in 20.358 seconds (process running for 130.885)
2026-02-02T11:00:47.106+03:00  INFO 38516 --- [coupon-service] [scheduling-1] c.o.couponservice.service.CouponService  : Starting scheduled purge of expired coupons
2026-02-02T11:00:47.148+03:00  INFO 38516 --- [coupon-service] [scheduling-1] c.o.couponservice.service.CouponService  : No expired unused coupons found to purge
2026-02-02T11:00:47.177+03:00  INFO 38516 --- [coupon-service] [main] c.o.couponservice.service.CouponService  : Requesting new coupon for user: user-setup-0, type: MEGADEAL
2026-02-02T11:00:47.179+03:00 DEBUG 38516 --- [coupon-service] [main] c.o.couponservice.service.CouponService  : Handling MEGADEAL request for user: user-setup-0
2026-02-02T11:00:47.247+03:00  INFO 38516 --- [coupon-service] [main] c.o.couponservice.service.CouponService  : Generated new coupon: ee373380-dd74-44a8-8018-105e772efc16 of type: MEGADEAL
2026-02-02T11:00:47.268+03:00  INFO 38516 --- [coupon-service] [main] c.o.couponservice.service.CouponService  : Requesting new coupon for user: user-setup-1, type: MEGADEAL
2026-02-02T11:00:47.270+03:00 DEBUG 38516 --- [coupon-service] [main] c.o.couponservice.service.CouponService  : Handling MEGADEAL request for user: user-setup-1
2026-02-02T11:00:47.288+03:00  INFO 38516 --- [coupon-service] [main] c.o.couponservice.service.CouponService  : Generated new coupon: 1c991783-cd90-4ab9-b576-a863ea05e919 of type: MEGADEAL
2026-02-02T11:00:47.298+03:00  INFO 38516 --- [coupon-service] [main] c.o.couponservice.service.CouponService  : Requesting new coupon for user: user-setup-2, type: MEGADEAL
2026-02-02T11:00:47.299+03:00 DEBUG 38516 --- [coupon-service] [main] c.o.couponservice.service.CouponService  : Handling MEGADEAL request for user: user-setup-2
2026-02-02T11:00:47.317+03:00  INFO 38516 --- [coupon-service] [main] c.o.couponservice.service.CouponService  : Generated new coupon: d0c181e5-38cb-442a-8f83-78a99ccf3113 of type: MEGADEAL
2026-02-02T11:00:47.330+03:00  INFO 38516 --- [coupon-service] [main] c.o.couponservice.service.CouponService  : Requesting new coupon for user: user-setup-3, type: MEGADEAL
2026-02-02T11:00:47.332+03:00 DEBUG 38516 --- [coupon-service] [main] c.o.couponservice.service.CouponService  : Handling MEGADEAL request for user: user-setup-3
2026-02-02T11:00:47.355+03:00  INFO 38516 --- [coupon-service] [main] c.o.couponservice.service.CouponService  : Generated new coupon: 00a274c4-d6f3-4f58-bd68-639a2fc144c0 of type: MEGADEAL
2026-02-02T11:00:47.380+03:00  INFO 38516 --- [coupon-service] [main] c.o.couponservice.service.CouponService  : Requesting new coupon for user: user-setup-4, type: MEGADEAL
2026-02-02T11:00:47.381+03:00 DEBUG 38516 --- [coupon-service] [main] c.o.couponservice.service.CouponService  : Handling MEGADEAL request for user: user-setup-4
2026-02-02T11:00:47.641+03:00  INFO 38516 --- [coupon-service] [main] c.o.couponservice.service.CouponService  : Generated new coupon: 3c559328-8242-4681-ad7a-9c7d2e23b1c9 of type: MEGADEAL
2026-02-02T11:00:47.760+03:00  INFO 38516 --- [coupon-service] [main] c.o.couponservice.service.CouponService  : Requesting new coupon for user: user-setup-5, type: MEGADEAL
2026-02-02T11:00:47.762+03:00 DEBUG 38516 --- [coupon-service] [main] c.o.couponservice.service.CouponService  : Handling MEGADEAL request for user: user-setup-5
2026-02-02T11:00:47.865+03:00  INFO 38516 --- [coupon-service] [main] c.o.couponservice.service.CouponService  : Generated new coupon: d2003a38-20c8-4179-8fc4-e3c99543912c of type: MEGADEAL
2026-02-02T11:00:47.910+03:00  INFO 38516 --- [coupon-service] [main] c.o.couponservice.service.CouponService  : Requesting new coupon for user: user-setup-6, type: MEGADEAL
2026-02-02T11:00:47.911+03:00 DEBUG 38516 --- [coupon-service] [main] c.o.couponservice.service.CouponService  : Handling MEGADEAL request for user: user-setup-6
2026-02-02T11:00:47.992+03:00  INFO 38516 --- [coupon-service] [main] c.o.couponservice.service.CouponService  : Generated new coupon: ba819ab5-8f09-4fe3-bfb7-9cafbebbb9db of type: MEGADEAL
2026-02-02T11:00:48.015+03:00  INFO 38516 --- [coupon-service] [main] c.o.couponservice.service.CouponService  : Requesting new coupon for user: user-setup-7, type: MEGADEAL
2026-02-02T11:00:48.016+03:00 DEBUG 38516 --- [coupon-service] [main] c.o.couponservice.service.CouponService  : Handling MEGADEAL request for user: user-setup-7
2026-02-02T11:00:48.062+03:00  INFO 38516 --- [coupon-service] [main] c.o.couponservice.service.CouponService  : Generated new coupon: bdf4b27b-7815-4a42-8571-cd4246796603 of type: MEGADEAL
2026-02-02T11:00:48.082+03:00  INFO 38516 --- [coupon-service] [main] c.o.couponservice.service.CouponService  : Requesting new coupon for user: user-setup-8, type: MEGADEAL
2026-02-02T11:00:48.083+03:00 DEBUG 38516 --- [coupon-service] [main] c.o.couponservice.service.CouponService  : Handling MEGADEAL request for user: user-setup-8
2026-02-02T11:00:48.124+03:00  INFO 38516 --- [coupon-service] [main] c.o.couponservice.service.CouponService  : Generated new coupon: 12c0ecab-5dec-44cc-bfc4-043d4f2094a6 of type: MEGADEAL
2026-02-02T11:00:48.150+03:00  INFO 38516 --- [coupon-service] [main] c.o.couponservice.service.CouponService  : Requesting new coupon for user: user-setup-9, type: MEGADEAL
2026-02-02T11:00:48.153+03:00 DEBUG 38516 --- [coupon-service] [main] c.o.couponservice.service.CouponService  : Handling MEGADEAL request for user: user-setup-9
2026-02-02T11:00:48.181+03:00  INFO 38516 --- [coupon-service] [main] c.o.couponservice.service.CouponService  : Generated new coupon: 9e4e9cd7-8335-44bc-ba4a-712e50f4a2ef of type: MEGADEAL
2026-02-02T11:00:48.235+03:00  INFO 38516 --- [coupon-service] [main] c.o.c.controller.CouponController        : Received request for new coupon from user: user-failing
2026-02-02T11:00:48.236+03:00  INFO 38516 --- [coupon-service] [main] c.o.couponservice.service.CouponService  : Requesting new coupon for user: user-failing, type: MEGADEAL
2026-02-02T11:00:48.237+03:00 DEBUG 38516 --- [coupon-service] [main] c.o.couponservice.service.CouponService  : Handling MEGADEAL request for user: user-failing
2026-02-02T11:00:48.263+03:00  INFO 38516 --- [coupon-service] [main] c.o.couponservice.service.CouponService  : Generated new coupon: 1503684e-a041-45d1-a613-c45135d18998 of type: MEGADEAL
2026-02-02T11:00:48.630+03:00  INFO 38516 --- [coupon-service] [SpringApplicationShutdownHook] o.s.boot.tomcat.GracefulShutdown         : Commencing graceful shutdown. Waiting for active requests to complete
2026-02-02T11:00:48.689+03:00  INFO 38516 --- [coupon-service] [tomcat-shutdown] o.s.boot.tomcat.GracefulShutdown         : Graceful shutdown complete
2026-02-02T11:00:48.967+03:00  INFO 38516 --- [coupon-service] [SpringApplicationShutdownHook] j.LocalContainerEntityManagerFactoryBean : Closing JPA EntityManagerFactory for persistence unit 'default'
2026-02-02T11:00:48.985+03:00  INFO 38516 --- [coupon-service] [SpringApplicationShutdownHook] com.zaxxer.hikari.HikariDataSource       : HikariPool-1 - Shutdown initiated...
2026-02-02T11:00:49.021+03:00  INFO 38516 --- [coupon-service] [SpringApplicationShutdownHook] com.zaxxer.hikari.HikariDataSource       : HikariPool-1 - Shutdown completed.
2026-02-02T11:00:49.078+03:00  INFO 38516 --- [coupon-service] [SpringApplicationShutdownHook] o.s.boot.tomcat.GracefulShutdown         : Commencing graceful shutdown. Waiting for active requests to complete
2026-02-02T11:00:49.411+03:00  INFO 38516 --- [coupon-service] [tomcat-shutdown] o.s.boot.tomcat.GracefulShutdown         : Graceful shutdown complete
2026-02-02T11:00:49.524+03:00  INFO 38516 --- [coupon-service] [SpringApplicationShutdownHook] j.LocalContainerEntityManagerFactoryBean : Closing JPA EntityManagerFactory for persistence unit 'default'
2026-02-02T11:00:49.528+03:00  INFO 38516 --- [coupon-service] [SpringApplicationShutdownHook] com.zaxxer.hikari.HikariDataSource       : HikariPool-2 - Shutdown initiated...
2026-02-02T11:00:49.562+03:00  INFO 38516 --- [coupon-service] [SpringApplicationShutdownHook] com.zaxxer.hikari.HikariDataSource       : HikariPool-2 - Shutdown completed.
2026-02-02T11:40:03.820+03:00  INFO 46996 --- [coupon-service] [main] c.o.c.CouponServiceIntegrationTests      : Starting CouponServiceIntegrationTests using Java 22.0.2 with PID 46996 (started by cagla.boynuegri in C:\Users\cagla.boynuegri\IdeaProjects\coupon-service-demo\coupon-service)
2026-02-02T11:40:03.836+03:00 DEBUG 46996 --- [coupon-service] [main] c.o.c.CouponServiceIntegrationTests      : Running with Spring Boot v4.0.2, Spring v7.0.3
2026-02-02T11:40:03.841+03:00  INFO 46996 --- [coupon-service] [main] c.o.c.CouponServiceIntegrationTests      : No active profile set, falling back to 1 default profile: "default"
2026-02-02T11:40:19.257+03:00  INFO 46996 --- [coupon-service] [main] .s.d.r.c.RepositoryConfigurationDelegate : Multiple Spring Data modules found, entering strict repository configuration mode
2026-02-02T11:40:19.300+03:00  INFO 46996 --- [coupon-service] [main] .s.d.r.c.RepositoryConfigurationDelegate : Bootstrapping Spring Data JPA repositories in DEFAULT mode.
2026-02-02T11:40:24.720+03:00  INFO 46996 --- [coupon-service] [main] .s.d.r.c.RepositoryConfigurationDelegate : Finished Spring Data repository scanning in 5341 ms. Found 2 JPA repository interfaces.
2026-02-02T11:40:25.046+03:00  INFO 46996 --- [coupon-service] [main] .s.d.r.c.RepositoryConfigurationDelegate : Multiple Spring Data modules found, entering strict repository configuration mode
2026-02-02T11:40:25.062+03:00  INFO 46996 --- [coupon-service] [main] .s.d.r.c.RepositoryConfigurationDelegate : Bootstrapping Spring Data Redis repositories in DEFAULT mode.
2026-02-02T11:40:25.571+03:00  INFO 46996 --- [coupon-service] [main] .RepositoryConfigurationExtensionSupport : Spring Data Redis - Could not safely identify store assignment for repository candidate interface com.onepin.couponservice.repository.CouponRepository; If you want this repository to be a Redis repository, consider annotating your entities with one of these annotations: org.springframework.data.redis.core.RedisHash (preferred), or consider extending one of the following types with your repository: org.springframework.data.keyvalue.repository.KeyValueRepository
2026-02-02T11:40:25.583+03:00  INFO 46996 --- [coupon-service] [main] .RepositoryConfigurationExtensionSupport : Spring Data Redis - Could not safely identify store assignment for repository candidate interface com.onepin.couponservice.repository.RedemptionRepository; If you want this repository to be a Redis repository, consider annotating your entities with one of these annotations: org.springframework.data.redis.core.RedisHash (preferred), or consider extending one of the following types with your repository: org.springframework.data.keyvalue.repository.KeyValueRepository
2026-02-02T11:40:25.591+03:00  INFO 46996 --- [coupon-service] [main] .s.d.r.c.RepositoryConfigurationDelegate : Finished Spring Data repository scanning in 258 ms. Found 0 Redis repository interfaces.
2026-02-02T11:40:36.046+03:00  INFO 46996 --- [coupon-service] [main] o.s.boot.tomcat.TomcatWebServer          : Tomcat initialized with port 0 (http)
2026-02-02T11:40:36.189+03:00  INFO 46996 --- [coupon-service] [main] o.apache.catalina.core.StandardService   : Starting service [Tomcat]
2026-02-02T11:40:36.215+03:00  INFO 46996 --- [coupon-service] [main] o.apache.catalina.core.StandardEngine    : Starting Servlet engine: [Apache Tomcat/11.0.15]
2026-02-02T11:40:37.922+03:00  INFO 46996 --- [coupon-service] [main] b.w.c.s.WebApplicationContextInitializer : Root WebApplicationContext: initialization completed in 33840 ms
2026-02-02T11:40:42.688+03:00  INFO 46996 --- [coupon-service] [main] org.hibernate.orm.jpa                    : HHH008540: Processing PersistenceUnitInfo [name: default]
2026-02-02T11:40:43.370+03:00  INFO 46996 --- [coupon-service] [main] org.hibernate.orm.core                   : HHH000001: Hibernate ORM core version 7.2.1.Final
2026-02-02T11:40:56.424+03:00  INFO 46996 --- [coupon-service] [main] o.s.o.j.p.SpringPersistenceUnitInfo      : No LoadTimeWeaver setup: ignoring JPA class transformer
2026-02-02T11:40:57.003+03:00  INFO 46996 --- [coupon-service] [main] com.zaxxer.hikari.HikariDataSource       : HikariPool-1 - Starting...
2026-02-02T11:40:59.254+03:00  INFO 46996 --- [coupon-service] [main] com.zaxxer.hikari.pool.HikariPool        : HikariPool-1 - Added connection conn0: url=jdbc:h2:mem:testdb user=SA
2026-02-02T11:40:59.267+03:00  INFO 46996 --- [coupon-service] [main] com.zaxxer.hikari.HikariDataSource       : HikariPool-1 - Start completed.
2026-02-02T11:40:59.524+03:00  WARN 46996 --- [coupon-service] [main] org.hibernate.orm.deprecation            : HHH90000025: H2Dialect does not need to be specified explicitly using 'hibernate.dialect' (remove the property setting and it will be selected by default)
2026-02-02T11:40:59.965+03:00  INFO 46996 --- [coupon-service] [main] org.hibernate.orm.connections.pooling    : HHH10001005: Database info:
	Database JDBC URL [jdbc:h2:mem:testdb]
	Database driver: H2 JDBC Driver
	Database dialect: H2Dialect
	Database version: 2.4.240
	Default catalog/schema: TESTDB/PUBLIC
	Autocommit mode: undefined/unknown
	Isolation level: READ_COMMITTED [default READ_COMMITTED]
	JDBC fetch size: 100
	Pool: DataSourceConnectionProvider
	Minimum pool size: undefined/unknown
	Maximum pool size: undefined/unknown
2026-02-02T11:41:14.129+03:00  INFO 46996 --- [coupon-service] [main] org.hibernate.orm.core                   : HHH000489: No JTA platform available (set 'hibernate.transaction.jta.platform' to enable JTA platform integration)
2026-02-02T11:41:14.178+03:00  INFO 46996 --- [coupon-service] [main] org.hibernate.orm.jdbc.batch             : HHH100501: Automatic JDBC statement batching enabled (maximum batch size 1000)
2026-02-02T11:41:15.467+03:00  INFO 46996 --- [coupon-service] [main] j.LocalContainerEntityManagerFactoryBean : Initialized JPA EntityManagerFactory for persistence unit 'default'
2026-02-02T11:41:17.763+03:00  INFO 46996 --- [coupon-service] [main] o.s.d.j.r.query.QueryEnhancerFactories   : Hibernate is in classpath; If applicable, HQL parser will be used.
2026-02-02T11:41:22.856+03:00  INFO 46996 --- [coupon-service] [main] org.redisson.Version                     : Redisson 4.1.0
2026-02-02T11:41:40.686+03:00  INFO 46996 --- [coupon-service] [redisson-netty-1-5] o.redisson.connection.ConnectionsHolder  : 1 connections initialized for localhost/127.0.0.1:6379
2026-02-02T11:41:43.235+03:00  INFO 46996 --- [coupon-service] [redisson-netty-1-20] o.redisson.connection.ConnectionsHolder  : 24 connections initialized for localhost/127.0.0.1:6379
2026-02-02T11:41:49.010+03:00  WARN 46996 --- [coupon-service] [main] JpaBaseConfiguration$JpaWebConfiguration : spring.jpa.open-in-view is enabled by default. Therefore, database queries may be performed during view rendering. Explicitly configure spring.jpa.open-in-view to disable this warning
2026-02-02T11:41:59.929+03:00  INFO 46996 --- [coupon-service] [main] o.a.c.c.C.[Tomcat].[localhost].[/]       : Initializing Spring TestDispatcherServlet ''
2026-02-02T11:41:59.933+03:00  INFO 46996 --- [coupon-service] [main] o.s.t.web.servlet.TestDispatcherServlet  : Initializing Servlet ''
2026-02-02T11:41:59.980+03:00  INFO 46996 --- [coupon-service] [main] o.s.b.a.e.web.EndpointLinksResolver      : Exposing 13 endpoints beneath base path '/actuator'
2026-02-02T11:42:00.126+03:00  INFO 46996 --- [coupon-service] [main] o.s.t.web.servlet.TestDispatcherServlet  : Completed initialization in 191 ms
2026-02-02T11:42:00.876+03:00  INFO 46996 --- [coupon-service] [main] o.s.boot.tomcat.TomcatWebServer          : Tomcat started on port 60384 (http) with context path '/'
2026-02-02T11:42:01.119+03:00  INFO 46996 --- [coupon-service] [main] c.o.c.CouponServiceIntegrationTests      : Started CouponServiceIntegrationTests in 125.35 seconds (process running for 159.264)
2026-02-02T11:42:01.196+03:00  INFO 46996 --- [coupon-service] [scheduling-1] c.o.couponservice.service.CouponService  : Starting scheduled purge of expired coupons
2026-02-02T11:42:07.454+03:00  INFO 46996 --- [coupon-service] [scheduling-1] c.o.couponservice.service.CouponService  : No expired unused coupons found to purge
2026-02-02T11:42:07.507+03:00  INFO 46996 --- [coupon-service] [pool-2-thread-1] c.o.couponservice.service.CouponService  : Requesting new coupon for user: user-0, type: MEGADEAL
2026-02-02T11:42:07.509+03:00 DEBUG 46996 --- [coupon-service] [pool-2-thread-1] c.o.couponservice.service.CouponService  : Handling MEGADEAL request for user: user-0
2026-02-02T11:42:07.509+03:00  INFO 46996 --- [coupon-service] [pool-2-thread-3] c.o.couponservice.service.CouponService  : Requesting new coupon for user: user-2, type: MEGADEAL
2026-02-02T11:42:07.511+03:00  INFO 46996 --- [coupon-service] [pool-2-thread-2] c.o.couponservice.service.CouponService  : Requesting new coupon for user: user-1, type: MEGADEAL
2026-02-02T11:42:07.511+03:00 DEBUG 46996 --- [coupon-service] [pool-2-thread-2] c.o.couponservice.service.CouponService  : Handling MEGADEAL request for user: user-1
2026-02-02T11:42:07.511+03:00 DEBUG 46996 --- [coupon-service] [pool-2-thread-3] c.o.couponservice.service.CouponService  : Handling MEGADEAL request for user: user-2
2026-02-02T11:42:07.514+03:00  INFO 46996 --- [coupon-service] [pool-2-thread-4] c.o.couponservice.service.CouponService  : Requesting new coupon for user: user-3, type: MEGADEAL
2026-02-02T11:42:07.520+03:00 DEBUG 46996 --- [coupon-service] [pool-2-thread-4] c.o.couponservice.service.CouponService  : Handling MEGADEAL request for user: user-3
2026-02-02T11:42:07.515+03:00  INFO 46996 --- [coupon-service] [pool-2-thread-5] c.o.couponservice.service.CouponService  : Requesting new coupon for user: user-4, type: MEGADEAL
2026-02-02T11:42:07.518+03:00  INFO 46996 --- [coupon-service] [pool-2-thread-6] c.o.couponservice.service.CouponService  : Requesting new coupon for user: user-5, type: MEGADEAL
2026-02-02T11:42:07.521+03:00 DEBUG 46996 --- [coupon-service] [pool-2-thread-6] c.o.couponservice.service.CouponService  : Handling MEGADEAL request for user: user-5
2026-02-02T11:42:07.521+03:00 DEBUG 46996 --- [coupon-service] [pool-2-thread-5] c.o.couponservice.service.CouponService  : Handling MEGADEAL request for user: user-4
2026-02-02T11:42:07.523+03:00  INFO 46996 --- [coupon-service] [pool-2-thread-9] c.o.couponservice.service.CouponService  : Requesting new coupon for user: user-8, type: MEGADEAL
2026-02-02T11:42:07.523+03:00  INFO 46996 --- [coupon-service] [pool-2-thread-10] c.o.couponservice.service.CouponService  : Requesting new coupon for user: user-9, type: MEGADEAL
2026-02-02T11:42:07.523+03:00 DEBUG 46996 --- [coupon-service] [pool-2-thread-9] c.o.couponservice.service.CouponService  : Handling MEGADEAL request for user: user-8
2026-02-02T11:42:07.525+03:00 DEBUG 46996 --- [coupon-service] [pool-2-thread-10] c.o.couponservice.service.CouponService  : Handling MEGADEAL request for user: user-9
2026-02-02T11:42:07.518+03:00  INFO 46996 --- [coupon-service] [pool-2-thread-7] c.o.couponservice.service.CouponService  : Requesting new coupon for user: user-6, type: MEGADEAL
2026-02-02T11:42:07.527+03:00 DEBUG 46996 --- [coupon-service] [pool-2-thread-7] c.o.couponservice.service.CouponService  : Handling MEGADEAL request for user: user-6
2026-02-02T11:42:07.523+03:00  INFO 46996 --- [coupon-service] [pool-2-thread-8] c.o.couponservice.service.CouponService  : Requesting new coupon for user: user-7, type: MEGADEAL
2026-02-02T11:42:07.535+03:00 DEBUG 46996 --- [coupon-service] [pool-2-thread-8] c.o.couponservice.service.CouponService  : Handling MEGADEAL request for user: user-7
2026-02-02T11:42:08.034+03:00  INFO 46996 --- [coupon-service] [pool-2-thread-3] c.o.couponservice.service.CouponService  : Generated new coupon: 1d1c0b90-1e2f-4af4-877f-10022ec30b13 of type: MEGADEAL
2026-02-02T11:42:08.049+03:00  INFO 46996 --- [coupon-service] [pool-2-thread-9] c.o.couponservice.service.CouponService  : Generated new coupon: ce726240-c5e0-4979-8030-c2cc1104f501 of type: MEGADEAL
2026-02-02T11:42:08.036+03:00  INFO 46996 --- [coupon-service] [pool-2-thread-6] c.o.couponservice.service.CouponService  : Generated new coupon: 980f21b9-b50d-4281-ad35-ca365a572a45 of type: MEGADEAL
2026-02-02T11:42:08.049+03:00  INFO 46996 --- [coupon-service] [pool-2-thread-1] c.o.couponservice.service.CouponService  : Generated new coupon: faac31c0-401b-4fdd-a0ff-fa85b2fcb011 of type: MEGADEAL
2026-02-02T11:42:08.038+03:00  INFO 46996 --- [coupon-service] [pool-2-thread-5] c.o.couponservice.service.CouponService  : Generated new coupon: ba63fd46-6bab-479c-9af7-8e97577e517e of type: MEGADEAL
2026-02-02T11:42:08.149+03:00  INFO 46996 --- [coupon-service] [pool-2-thread-8] c.o.couponservice.service.CouponService  : Generated new coupon: 6c53b347-5092-4b15-bd7e-cee611a621db of type: MEGADEAL
2026-02-02T11:42:08.210+03:00  INFO 46996 --- [coupon-service] [pool-2-thread-7] c.o.couponservice.service.CouponService  : Generated new coupon: 21096346-ce63-4831-8910-f7776a023321 of type: MEGADEAL
2026-02-02T11:42:08.213+03:00  INFO 46996 --- [coupon-service] [pool-2-thread-4] c.o.couponservice.service.CouponService  : Generated new coupon: 79428b74-b0be-43b8-bae8-abb7fd0eeadb of type: MEGADEAL
2026-02-02T11:42:08.240+03:00  INFO 46996 --- [coupon-service] [pool-2-thread-10] c.o.couponservice.service.CouponService  : Generated new coupon: 678017f8-2feb-483c-8fea-b85f5824a0c3 of type: MEGADEAL
2026-02-02T11:42:08.384+03:00  INFO 46996 --- [coupon-service] [pool-2-thread-2] c.o.couponservice.service.CouponService  : Generated new coupon: 447be2f7-b2d8-4cb8-9365-2a93fd6adcef of type: MEGADEAL
2026-02-02T11:42:08.581+03:00  INFO 46996 --- [coupon-service] [pool-2-thread-11] c.o.couponservice.service.CouponService  : Requesting new coupon for user: user-10, type: MEGADEAL
2026-02-02T11:42:08.581+03:00 DEBUG 46996 --- [coupon-service] [pool-2-thread-11] c.o.couponservice.service.CouponService  : Handling MEGADEAL request for user: user-10
2026-02-02T11:42:08.630+03:00  INFO 46996 --- [coupon-service] [pool-2-thread-11] c.o.couponservice.service.CouponService  : Generated new coupon: 0e6fd4ef-ae08-4fc4-a254-40edd2760255 of type: MEGADEAL
2026-02-02T11:42:11.543+03:00  INFO 46996 --- [coupon-service] [pool-3-thread-1] c.o.c.controller.CouponController        : Received redemption request for coupon: CONCURRENT-123
2026-02-02T11:42:11.538+03:00  INFO 46996 --- [coupon-service] [pool-3-thread-2] c.o.c.controller.CouponController        : Received redemption request for coupon: CONCURRENT-123
2026-02-02T11:42:11.547+03:00  INFO 46996 --- [coupon-service] [pool-3-thread-2] c.o.couponservice.service.CouponService  : Redeeming coupon: CONCURRENT-123 for user: user-2
2026-02-02T11:42:11.552+03:00  INFO 46996 --- [coupon-service] [pool-3-thread-1] c.o.couponservice.service.CouponService  : Redeeming coupon: CONCURRENT-123 for user: user-1
2026-02-02T11:42:11.709+03:00  INFO 46996 --- [coupon-service] [pool-3-thread-2] c.o.couponservice.service.CouponService  : Successfully redeemed coupon: CONCURRENT-123
2026-02-02T11:42:11.709+03:00  INFO 46996 --- [coupon-service] [pool-3-thread-1] c.o.couponservice.service.CouponService  : Successfully redeemed coupon: CONCURRENT-123
2026-02-02T11:42:11.815+03:00  INFO 46996 --- [coupon-service] [pool-3-thread-2] org.hibernate.orm.jdbc.batch             : HHH100503: JDBC batch still contained JDBC statements on release
2026-02-02T11:42:11.921+03:00  WARN 46996 --- [coupon-service] [pool-3-thread-2] c.o.c.exception.GlobalExceptionHandler   : Optimistic locking failure: Batch update returned unexpected row count from update 0 (expected row count 1 but was 0) [update coupons set current_usages=?,discount_amount=?,expiry_date=?,is_percentage=?,max_usages=?,type=?,version=? where code=? and version=?] for entity [com.onepin.couponservice.model.Coupon with id 'CONCURRENT-123']
2026-02-02T11:42:13.468+03:00  INFO 46996 --- [coupon-service] [main] c.o.c.controller.CouponController        : Received request to upload 2000 coupons
2026-02-02T11:42:13.471+03:00  INFO 46996 --- [coupon-service] [main] c.o.couponservice.service.CouponService  : Uploading 2000 coupons
2026-02-02T11:42:17.090+03:00  INFO 46996 --- [coupon-service] [main] c.o.couponservice.service.CouponService  : Successfully uploaded 2000 coupons
2026-02-02T11:42:23.767+03:00  INFO 46996 --- [coupon-service] [main] c.o.c.controller.CouponController        : Received request to upload 50001 coupons
2026-02-02T11:42:23.777+03:00  INFO 46996 --- [coupon-service] [main] c.o.couponservice.service.CouponService  : Uploading 50001 coupons
2026-02-02T11:42:23.780+03:00 ERROR 46996 --- [coupon-service] [main] c.o.couponservice.service.CouponService  : Batch size 50001 exceeds limit of 50000
2026-02-02T11:42:23.915+03:00  INFO 46996 --- [coupon-service] [pool-4-thread-2] c.o.couponservice.service.CouponService  : Requesting new coupon for user: user-setup-1, type: MEGADEAL
2026-02-02T11:42:23.916+03:00 DEBUG 46996 --- [coupon-service] [pool-4-thread-2] c.o.couponservice.service.CouponService  : Handling MEGADEAL request for user: user-setup-1
2026-02-02T11:42:23.920+03:00  INFO 46996 --- [coupon-service] [pool-4-thread-3] c.o.couponservice.service.CouponService  : Requesting new coupon for user: user-setup-2, type: MEGADEAL
2026-02-02T11:42:23.922+03:00 DEBUG 46996 --- [coupon-service] [pool-4-thread-3] c.o.couponservice.service.CouponService  : Handling MEGADEAL request for user: user-setup-2
2026-02-02T11:42:23.915+03:00  INFO 46996 --- [coupon-service] [pool-4-thread-1] c.o.couponservice.service.CouponService  : Requesting new coupon for user: user-setup-0, type: MEGADEAL
2026-02-02T11:42:23.925+03:00 DEBUG 46996 --- [coupon-service] [pool-4-thread-1] c.o.couponservice.service.CouponService  : Handling MEGADEAL request for user: user-setup-0
2026-02-02T11:42:23.959+03:00  INFO 46996 --- [coupon-service] [pool-4-thread-5] c.o.couponservice.service.CouponService  : Requesting new coupon for user: user-setup-4, type: MEGADEAL
2026-02-02T11:42:23.959+03:00 DEBUG 46996 --- [coupon-service] [pool-4-thread-5] c.o.couponservice.service.CouponService  : Handling MEGADEAL request for user: user-setup-4
2026-02-02T11:42:23.948+03:00  INFO 46996 --- [coupon-service] [pool-4-thread-4] c.o.couponservice.service.CouponService  : Requesting new coupon for user: user-setup-3, type: MEGADEAL
2026-02-02T11:42:23.959+03:00 DEBUG 46996 --- [coupon-service] [pool-4-thread-4] c.o.couponservice.service.CouponService  : Handling MEGADEAL request for user: user-setup-3
2026-02-02T11:42:23.973+03:00  INFO 46996 --- [coupon-service] [pool-4-thread-6] c.o.couponservice.service.CouponService  : Requesting new coupon for user: user-setup-5, type: MEGADEAL
2026-02-02T11:42:23.975+03:00  INFO 46996 --- [coupon-service] [pool-4-thread-7] c.o.couponservice.service.CouponService  : Requesting new coupon for user: user-setup-6, type: MEGADEAL
2026-02-02T11:42:23.991+03:00 DEBUG 46996 --- [coupon-service] [pool-4-thread-7] c.o.couponservice.service.CouponService  : Handling MEGADEAL request for user: user-setup-6
2026-02-02T11:42:23.991+03:00  INFO 46996 --- [coupon-service] [pool-4-thread-8] c.o.couponservice.service.CouponService  : Requesting new coupon for user: user-setup-7, type: MEGADEAL
2026-02-02T11:42:23.991+03:00 DEBUG 46996 --- [coupon-service] [pool-4-thread-8] c.o.couponservice.service.CouponService  : Handling MEGADEAL request for user: user-setup-7
2026-02-02T11:42:23.979+03:00 DEBUG 46996 --- [coupon-service] [pool-4-thread-6] c.o.couponservice.service.CouponService  : Handling MEGADEAL request for user: user-setup-5
2026-02-02T11:42:23.997+03:00  INFO 46996 --- [coupon-service] [pool-4-thread-2] c.o.couponservice.service.CouponService  : Generated new coupon: a300b747-2494-4613-834c-3bf8b0650064 of type: MEGADEAL
2026-02-02T11:42:23.988+03:00  INFO 46996 --- [coupon-service] [pool-4-thread-10] c.o.couponservice.service.CouponService  : Requesting new coupon for user: user-setup-9, type: MEGADEAL
2026-02-02T11:42:23.999+03:00  INFO 46996 --- [coupon-service] [pool-4-thread-9] c.o.couponservice.service.CouponService  : Requesting new coupon for user: user-setup-8, type: MEGADEAL
2026-02-02T11:42:24.003+03:00  INFO 46996 --- [coupon-service] [pool-4-thread-3] c.o.couponservice.service.CouponService  : Generated new coupon: 0a5ac29b-74d6-4704-90db-c6c5f5221663 of type: MEGADEAL
2026-02-02T11:42:24.009+03:00  INFO 46996 --- [coupon-service] [pool-4-thread-1] c.o.couponservice.service.CouponService  : Generated new coupon: 9e208f23-e879-4ada-b8bc-cc5a14c4929c of type: MEGADEAL
2026-02-02T11:42:24.010+03:00 DEBUG 46996 --- [coupon-service] [pool-4-thread-10] c.o.couponservice.service.CouponService  : Handling MEGADEAL request for user: user-setup-9
2026-02-02T11:42:24.010+03:00 DEBUG 46996 --- [coupon-service] [pool-4-thread-9] c.o.couponservice.service.CouponService  : Handling MEGADEAL request for user: user-setup-8
2026-02-02T11:42:24.035+03:00  INFO 46996 --- [coupon-service] [pool-4-thread-4] c.o.couponservice.service.CouponService  : Generated new coupon: 238cd7bd-e09c-4278-8e9f-3704e5c80342 of type: MEGADEAL
2026-02-02T11:42:24.031+03:00  INFO 46996 --- [coupon-service] [pool-4-thread-5] c.o.couponservice.service.CouponService  : Generated new coupon: ae1a112a-68af-453c-be3b-afcc099ab9c3 of type: MEGADEAL
2026-02-02T11:42:24.091+03:00  INFO 46996 --- [coupon-service] [pool-4-thread-9] c.o.couponservice.service.CouponService  : Generated new coupon: b21bf924-b4d2-40b6-a785-2154d419cce2 of type: MEGADEAL
2026-02-02T11:42:24.103+03:00  INFO 46996 --- [coupon-service] [pool-4-thread-10] c.o.couponservice.service.CouponService  : Generated new coupon: 4e64af85-f110-4262-b308-44407d5dc3df of type: MEGADEAL
2026-02-02T11:42:24.103+03:00  INFO 46996 --- [coupon-service] [pool-4-thread-6] c.o.couponservice.service.CouponService  : Generated new coupon: 6a75eeba-4a27-4835-95f1-076276671de8 of type: MEGADEAL
2026-02-02T11:42:24.103+03:00  INFO 46996 --- [coupon-service] [pool-4-thread-7] c.o.couponservice.service.CouponService  : Generated new coupon: 81df44dd-0568-4e75-8961-1cc3b8000760 of type: MEGADEAL
2026-02-02T11:42:24.126+03:00  INFO 46996 --- [coupon-service] [pool-4-thread-8] c.o.couponservice.service.CouponService  : Generated new coupon: 3c943b3e-e168-402a-982f-1fdb6b134a6b of type: MEGADEAL
2026-02-02T11:42:24.159+03:00  INFO 46996 --- [coupon-service] [pool-5-thread-1] c.o.couponservice.service.CouponService  : Requesting new coupon for user: user-wait, type: MEGADEAL
2026-02-02T11:42:24.160+03:00 DEBUG 46996 --- [coupon-service] [pool-5-thread-1] c.o.couponservice.service.CouponService  : Handling MEGADEAL request for user: user-wait
2026-02-02T11:42:24.997+03:00  INFO 46996 --- [coupon-service] [pool-5-thread-1] c.o.couponservice.service.CouponService  : Generated new coupon: 0279b2cc-ba31-4c48-b079-69a9eb43f9d3 of type: MEGADEAL
2026-02-02T11:42:25.102+03:00  INFO 46996 --- [coupon-service] [main] c.o.c.controller.CouponController        : Received redemption request for coupon: EXPIRED-123
2026-02-02T11:42:25.103+03:00  INFO 46996 --- [coupon-service] [main] c.o.couponservice.service.CouponService  : Redeeming coupon: EXPIRED-123 for user: user-1
2026-02-02T11:42:25.112+03:00  WARN 46996 --- [coupon-service] [main] c.o.couponservice.service.CouponService  : Coupon expired: EXPIRED-123
2026-02-02T11:42:25.442+03:00  INFO 46996 --- [coupon-service] [main] c.o.c.controller.CouponController        : Received redemption request for coupon: STANDARD-123
2026-02-02T11:42:25.442+03:00  INFO 46996 --- [coupon-service] [main] c.o.couponservice.service.CouponService  : Redeeming coupon: STANDARD-123 for user: user-1
2026-02-02T11:42:25.467+03:00  INFO 46996 --- [coupon-service] [main] c.o.couponservice.service.CouponService  : Successfully redeemed coupon: STANDARD-123
2026-02-02T11:42:25.572+03:00  INFO 46996 --- [coupon-service] [main] t.c.s.AnnotationConfigContextLoaderUtils : Could not detect default configuration classes for test class [com.onepin.couponservice.CouponServiceIntegrationTests$WhenRateLimitTimeoutIsZero]: WhenRateLimitTimeoutIsZero does not declare any static, non-private, non-final, nested classes annotated with @Configuration.
2026-02-02T11:42:25.632+03:00  INFO 46996 --- [coupon-service] [main] .b.t.c.SpringBootTestContextBootstrapper : Found @SpringBootConfiguration com.onepin.couponservice.CouponServiceApplication for test class com.onepin.couponservice.CouponServiceIntegrationTests$WhenRateLimitTimeoutIsZero
2026-02-02T11:42:26.434+03:00  INFO 46996 --- [coupon-service] [main] egrationTests$WhenRateLimitTimeoutIsZero : Starting CouponServiceIntegrationTests.WhenRateLimitTimeoutIsZero using Java 22.0.2 with PID 46996 (started by cagla.boynuegri in C:\Users\cagla.boynuegri\IdeaProjects\coupon-service-demo\coupon-service)
2026-02-02T11:42:26.474+03:00 DEBUG 46996 --- [coupon-service] [main] egrationTests$WhenRateLimitTimeoutIsZero : Running with Spring Boot v4.0.2, Spring v7.0.3
2026-02-02T11:42:26.482+03:00  INFO 46996 --- [coupon-service] [main] egrationTests$WhenRateLimitTimeoutIsZero : No active profile set, falling back to 1 default profile: "default"
2026-02-02T11:42:31.777+03:00  INFO 46996 --- [coupon-service] [main] .s.d.r.c.RepositoryConfigurationDelegate : Multiple Spring Data modules found, entering strict repository configuration mode
2026-02-02T11:42:31.784+03:00  INFO 46996 --- [coupon-service] [main] .s.d.r.c.RepositoryConfigurationDelegate : Bootstrapping Spring Data JPA repositories in DEFAULT mode.
2026-02-02T11:42:32.081+03:00  INFO 46996 --- [coupon-service] [main] .s.d.r.c.RepositoryConfigurationDelegate : Finished Spring Data repository scanning in 248 ms. Found 2 JPA repository interfaces.
2026-02-02T11:42:32.124+03:00  INFO 46996 --- [coupon-service] [main] .s.d.r.c.RepositoryConfigurationDelegate : Multiple Spring Data modules found, entering strict repository configuration mode
2026-02-02T11:42:32.125+03:00  INFO 46996 --- [coupon-service] [main] .s.d.r.c.RepositoryConfigurationDelegate : Bootstrapping Spring Data Redis repositories in DEFAULT mode.
2026-02-02T11:42:32.503+03:00  INFO 46996 --- [coupon-service] [main] .RepositoryConfigurationExtensionSupport : Spring Data Redis - Could not safely identify store assignment for repository candidate interface com.onepin.couponservice.repository.CouponRepository; If you want this repository to be a Redis repository, consider annotating your entities with one of these annotations: org.springframework.data.redis.core.RedisHash (preferred), or consider extending one of the following types with your repository: org.springframework.data.keyvalue.repository.KeyValueRepository
2026-02-02T11:42:32.516+03:00  INFO 46996 --- [coupon-service] [main] .RepositoryConfigurationExtensionSupport : Spring Data Redis - Could not safely identify store assignment for repository candidate interface com.onepin.couponservice.repository.RedemptionRepository; If you want this repository to be a Redis repository, consider annotating your entities with one of these annotations: org.springframework.data.redis.core.RedisHash (preferred), or consider extending one of the following types with your repository: org.springframework.data.keyvalue.repository.KeyValueRepository
2026-02-02T11:42:32.532+03:00  INFO 46996 --- [coupon-service] [main] .s.d.r.c.RepositoryConfigurationDelegate : Finished Spring Data repository scanning in 318 ms. Found 0 Redis repository interfaces.
2026-02-02T11:42:34.075+03:00  INFO 46996 --- [coupon-service] [main] o.s.boot.tomcat.TomcatWebServer          : Tomcat initialized with port 0 (http)
2026-02-02T11:42:34.090+03:00  INFO 46996 --- [coupon-service] [main] o.apache.catalina.core.StandardService   : Starting service [Tomcat]
2026-02-02T11:42:34.102+03:00  INFO 46996 --- [coupon-service] [main] o.apache.catalina.core.StandardEngine    : Starting Servlet engine: [Apache Tomcat/11.0.15]
2026-02-02T11:42:35.144+03:00  INFO 46996 --- [coupon-service] [main] b.w.c.s.WebApplicationContextInitializer : Root WebApplicationContext: initialization completed in 8627 ms
2026-02-02T11:42:36.140+03:00  INFO 46996 --- [coupon-service] [main] org.hibernate.orm.jpa                    : HHH008540: Processing PersistenceUnitInfo [name: default]
2026-02-02T11:42:36.827+03:00  INFO 46996 --- [coupon-service] [main] o.s.o.j.p.SpringPersistenceUnitInfo      : No LoadTimeWeaver setup: ignoring JPA class transformer
2026-02-02T11:42:36.854+03:00  INFO 46996 --- [coupon-service] [main] com.zaxxer.hikari.HikariDataSource       : HikariPool-2 - Starting...
2026-02-02T11:42:36.882+03:00  INFO 46996 --- [coupon-service] [main] com.zaxxer.hikari.pool.HikariPool        : HikariPool-2 - Added connection conn10: url=jdbc:h2:mem:testdb user=SA
2026-02-02T11:42:36.895+03:00  INFO 46996 --- [coupon-service] [main] com.zaxxer.hikari.HikariDataSource       : HikariPool-2 - Start completed.
2026-02-02T11:42:36.905+03:00  WARN 46996 --- [coupon-service] [main] org.hibernate.orm.deprecation            : HHH90000025: H2Dialect does not need to be specified explicitly using 'hibernate.dialect' (remove the property setting and it will be selected by default)
2026-02-02T11:42:36.916+03:00  INFO 46996 --- [coupon-service] [main] org.hibernate.orm.connections.pooling    : HHH10001005: Database info:
	Database JDBC URL [jdbc:h2:mem:testdb]
	Database driver: H2 JDBC Driver
	Database dialect: H2Dialect
	Database version: 2.4.240
	Default catalog/schema: TESTDB/PUBLIC
	Autocommit mode: undefined/unknown
	Isolation level: READ_COMMITTED [default READ_COMMITTED]
	JDBC fetch size: 100
	Pool: DataSourceConnectionProvider
	Minimum pool size: undefined/unknown
	Maximum pool size: undefined/unknown
2026-02-02T11:42:37.657+03:00  INFO 46996 --- [coupon-service] [main] org.hibernate.orm.core                   : HHH000489: No JTA platform available (set 'hibernate.transaction.jta.platform' to enable JTA platform integration)
2026-02-02T11:42:37.661+03:00  INFO 46996 --- [coupon-service] [main] org.hibernate.orm.jdbc.batch             : HHH100501: Automatic JDBC statement batching enabled (maximum batch size 1000)
2026-02-02T11:42:37.724+03:00  INFO 46996 --- [coupon-service] [main] j.LocalContainerEntityManagerFactoryBean : Initialized JPA EntityManagerFactory for persistence unit 'default'
2026-02-02T11:42:38.108+03:00  INFO 46996 --- [coupon-service] [main] org.redisson.Version                     : Redisson 4.1.0
2026-02-02T11:42:39.074+03:00  INFO 46996 --- [coupon-service] [redisson-netty-5-7] o.redisson.connection.ConnectionsHolder  : 1 connections initialized for localhost/127.0.0.1:6379
2026-02-02T11:42:40.150+03:00  INFO 46996 --- [coupon-service] [redisson-netty-5-20] o.redisson.connection.ConnectionsHolder  : 24 connections initialized for localhost/127.0.0.1:6379
2026-02-02T11:42:40.659+03:00  WARN 46996 --- [coupon-service] [main] JpaBaseConfiguration$JpaWebConfiguration : spring.jpa.open-in-view is enabled by default. Therefore, database queries may be performed during view rendering. Explicitly configure spring.jpa.open-in-view to disable this warning
2026-02-02T11:42:43.611+03:00  INFO 46996 --- [coupon-service] [main] o.a.c.c.C.[Tomcat-1].[localhost].[/]     : Initializing Spring TestDispatcherServlet ''
2026-02-02T11:42:43.618+03:00  INFO 46996 --- [coupon-service] [main] o.s.t.web.servlet.TestDispatcherServlet  : Initializing Servlet ''
2026-02-02T11:42:43.643+03:00  INFO 46996 --- [coupon-service] [main] o.s.b.a.e.web.EndpointLinksResolver      : Exposing 13 endpoints beneath base path '/actuator'
2026-02-02T11:42:43.727+03:00  INFO 46996 --- [coupon-service] [main] o.s.t.web.servlet.TestDispatcherServlet  : Completed initialization in 109 ms
2026-02-02T11:42:43.811+03:00  INFO 46996 --- [coupon-service] [main] o.s.boot.tomcat.TomcatWebServer          : Tomcat started on port 60412 (http) with context path '/'
2026-02-02T11:42:43.833+03:00  INFO 46996 --- [coupon-service] [scheduling-1] c.o.couponservice.service.CouponService  : Starting scheduled purge of expired coupons
2026-02-02T11:42:43.836+03:00  INFO 46996 --- [coupon-service] [main] egrationTests$WhenRateLimitTimeoutIsZero : Started CouponServiceIntegrationTests.WhenRateLimitTimeoutIsZero in 18.153 seconds (process running for 201.981)
2026-02-02T11:42:43.857+03:00  INFO 46996 --- [coupon-service] [scheduling-1] c.o.couponservice.service.CouponService  : No expired unused coupons found to purge
2026-02-02T11:42:43.941+03:00  INFO 46996 --- [coupon-service] [pool-6-thread-3] c.o.c.controller.CouponController        : Received request for new coupon from user: user-2
2026-02-02T11:42:43.941+03:00  INFO 46996 --- [coupon-service] [pool-6-thread-6] c.o.c.controller.CouponController        : Received request for new coupon from user: user-5
2026-02-02T11:42:43.942+03:00  INFO 46996 --- [coupon-service] [pool-6-thread-2] c.o.c.controller.CouponController        : Received request for new coupon from user: user-1
2026-02-02T11:42:43.944+03:00  INFO 46996 --- [coupon-service] [pool-6-thread-2] c.o.couponservice.service.CouponService  : Requesting new coupon for user: user-1, type: MEGADEAL
2026-02-02T11:42:43.944+03:00  INFO 46996 --- [coupon-service] [pool-6-thread-6] c.o.couponservice.service.CouponService  : Requesting new coupon for user: user-5, type: MEGADEAL
2026-02-02T11:42:43.945+03:00 DEBUG 46996 --- [coupon-service] [pool-6-thread-2] c.o.couponservice.service.CouponService  : Handling MEGADEAL request for user: user-1
2026-02-02T11:42:43.945+03:00 DEBUG 46996 --- [coupon-service] [pool-6-thread-6] c.o.couponservice.service.CouponService  : Handling MEGADEAL request for user: user-5
2026-02-02T11:42:43.945+03:00  INFO 46996 --- [coupon-service] [pool-6-thread-3] c.o.couponservice.service.CouponService  : Requesting new coupon for user: user-2, type: MEGADEAL
2026-02-02T11:42:43.946+03:00 DEBUG 46996 --- [coupon-service] [pool-6-thread-3] c.o.couponservice.service.CouponService  : Handling MEGADEAL request for user: user-2
2026-02-02T11:42:43.971+03:00  INFO 46996 --- [coupon-service] [pool-6-thread-1] c.o.c.controller.CouponController        : Received request for new coupon from user: user-0
2026-02-02T11:42:43.993+03:00  INFO 46996 --- [coupon-service] [pool-6-thread-4] c.o.c.controller.CouponController        : Received request for new coupon from user: user-3
2026-02-02T11:42:43.993+03:00  INFO 46996 --- [coupon-service] [pool-6-thread-5] c.o.c.controller.CouponController        : Received request for new coupon from user: user-4
2026-02-02T11:42:43.993+03:00  INFO 46996 --- [coupon-service] [pool-6-thread-1] c.o.couponservice.service.CouponService  : Requesting new coupon for user: user-0, type: MEGADEAL
2026-02-02T11:42:43.995+03:00  INFO 46996 --- [coupon-service] [pool-6-thread-4] c.o.couponservice.service.CouponService  : Requesting new coupon for user: user-3, type: MEGADEAL
2026-02-02T11:42:43.995+03:00 DEBUG 46996 --- [coupon-service] [pool-6-thread-1] c.o.couponservice.service.CouponService  : Handling MEGADEAL request for user: user-0
2026-02-02T11:42:43.995+03:00 DEBUG 46996 --- [coupon-service] [pool-6-thread-4] c.o.couponservice.service.CouponService  : Handling MEGADEAL request for user: user-3
2026-02-02T11:42:43.995+03:00  INFO 46996 --- [coupon-service] [pool-6-thread-5] c.o.couponservice.service.CouponService  : Requesting new coupon for user: user-4, type: MEGADEAL
2026-02-02T11:42:44.021+03:00 DEBUG 46996 --- [coupon-service] [pool-6-thread-5] c.o.couponservice.service.CouponService  : Handling MEGADEAL request for user: user-4
2026-02-02T11:42:44.040+03:00  INFO 46996 --- [coupon-service] [pool-6-thread-2] c.o.couponservice.service.CouponService  : Generated new coupon: 95cba9a7-d142-48e6-abc5-7daff60f9833 of type: MEGADEAL
2026-02-02T11:42:44.057+03:00  INFO 46996 --- [coupon-service] [pool-6-thread-3] c.o.couponservice.service.CouponService  : Generated new coupon: e1d8ed88-ead6-49fa-aa5a-6720ea8e8da1 of type: MEGADEAL
2026-02-02T11:42:44.057+03:00  INFO 46996 --- [coupon-service] [pool-6-thread-6] c.o.couponservice.service.CouponService  : Generated new coupon: 75f055ee-1f29-4198-9172-1a917bd2f3f9 of type: MEGADEAL
2026-02-02T11:42:44.076+03:00  INFO 46996 --- [coupon-service] [pool-6-thread-1] c.o.couponservice.service.CouponService  : Generated new coupon: 259e0100-1776-49a7-8a49-b263ed1b15a1 of type: MEGADEAL
2026-02-02T11:42:44.098+03:00  INFO 46996 --- [coupon-service] [pool-6-thread-4] c.o.couponservice.service.CouponService  : Generated new coupon: 6477d74a-f883-4acc-905c-c5a11e343c63 of type: MEGADEAL
2026-02-02T11:42:44.114+03:00  INFO 46996 --- [coupon-service] [pool-6-thread-5] c.o.couponservice.service.CouponService  : Generated new coupon: 4d767938-0d9b-430a-90fe-7d9c774689b3 of type: MEGADEAL
2026-02-02T11:42:44.467+03:00  INFO 46996 --- [coupon-service] [main] c.o.couponservice.service.CouponService  : Requesting new coupon for user: user-setup-0, type: MEGADEAL
2026-02-02T11:42:44.471+03:00 DEBUG 46996 --- [coupon-service] [main] c.o.couponservice.service.CouponService  : Handling MEGADEAL request for user: user-setup-0
2026-02-02T11:42:44.539+03:00  INFO 46996 --- [coupon-service] [main] c.o.couponservice.service.CouponService  : Generated new coupon: c1ad2218-a29b-40d5-9e15-7d1645e1fc01 of type: MEGADEAL
2026-02-02T11:42:44.588+03:00  INFO 46996 --- [coupon-service] [main] c.o.couponservice.service.CouponService  : Requesting new coupon for user: user-setup-1, type: MEGADEAL
2026-02-02T11:42:44.597+03:00 DEBUG 46996 --- [coupon-service] [main] c.o.couponservice.service.CouponService  : Handling MEGADEAL request for user: user-setup-1
2026-02-02T11:42:44.633+03:00  INFO 46996 --- [coupon-service] [main] c.o.couponservice.service.CouponService  : Generated new coupon: 26af6363-bf1e-4eb8-beca-b934d4768682 of type: MEGADEAL
2026-02-02T11:42:44.658+03:00  INFO 46996 --- [coupon-service] [main] c.o.couponservice.service.CouponService  : Requesting new coupon for user: user-setup-2, type: MEGADEAL
2026-02-02T11:42:44.659+03:00 DEBUG 46996 --- [coupon-service] [main] c.o.couponservice.service.CouponService  : Handling MEGADEAL request for user: user-setup-2
2026-02-02T11:42:44.696+03:00  INFO 46996 --- [coupon-service] [main] c.o.couponservice.service.CouponService  : Generated new coupon: d5516092-8f6b-4794-9528-fc678a2832fb of type: MEGADEAL
2026-02-02T11:42:44.726+03:00  INFO 46996 --- [coupon-service] [main] c.o.couponservice.service.CouponService  : Requesting new coupon for user: user-setup-3, type: MEGADEAL
2026-02-02T11:42:44.728+03:00 DEBUG 46996 --- [coupon-service] [main] c.o.couponservice.service.CouponService  : Handling MEGADEAL request for user: user-setup-3
2026-02-02T11:42:44.753+03:00  INFO 46996 --- [coupon-service] [main] c.o.couponservice.service.CouponService  : Generated new coupon: 766523bc-8628-4722-8e4c-24f984a3ac49 of type: MEGADEAL
2026-02-02T11:42:44.777+03:00  INFO 46996 --- [coupon-service] [main] c.o.couponservice.service.CouponService  : Requesting new coupon for user: user-setup-4, type: MEGADEAL
2026-02-02T11:42:44.778+03:00 DEBUG 46996 --- [coupon-service] [main] c.o.couponservice.service.CouponService  : Handling MEGADEAL request for user: user-setup-4
2026-02-02T11:42:44.815+03:00  WARN 46996 --- [coupon-service] [main] c.o.couponservice.service.CouponService  : Rate limit exceeded for MEGADEAL coupon
2026-02-02T11:42:45.026+03:00  INFO 46996 --- [coupon-service] [SpringApplicationShutdownHook] o.s.boot.tomcat.GracefulShutdown         : Commencing graceful shutdown. Waiting for active requests to complete
2026-02-02T11:42:45.559+03:00  INFO 46996 --- [coupon-service] [tomcat-shutdown] o.s.boot.tomcat.GracefulShutdown         : Graceful shutdown complete
2026-02-02T11:42:45.840+03:00  INFO 46996 --- [coupon-service] [SpringApplicationShutdownHook] j.LocalContainerEntityManagerFactoryBean : Closing JPA EntityManagerFactory for persistence unit 'default'
2026-02-02T11:42:45.855+03:00  INFO 46996 --- [coupon-service] [SpringApplicationShutdownHook] com.zaxxer.hikari.HikariDataSource       : HikariPool-1 - Shutdown initiated...
2026-02-02T11:42:45.867+03:00  INFO 46996 --- [coupon-service] [SpringApplicationShutdownHook] com.zaxxer.hikari.HikariDataSource       : HikariPool-1 - Shutdown completed.
2026-02-02T11:42:45.952+03:00  INFO 46996 --- [coupon-service] [SpringApplicationShutdownHook] o.s.boot.tomcat.GracefulShutdown         : Commencing graceful shutdown. Waiting for active requests to complete
2026-02-02T11:42:46.183+03:00  INFO 46996 --- [coupon-service] [tomcat-shutdown] o.s.boot.tomcat.GracefulShutdown         : Graceful shutdown complete
2026-02-02T11:42:46.423+03:00  INFO 46996 --- [coupon-service] [SpringApplicationShutdownHook] j.LocalContainerEntityManagerFactoryBean : Closing JPA EntityManagerFactory for persistence unit 'default'
2026-02-02T11:42:46.436+03:00  INFO 46996 --- [coupon-service] [SpringApplicationShutdownHook] com.zaxxer.hikari.HikariDataSource       : HikariPool-2 - Shutdown initiated...
2026-02-02T11:42:46.466+03:00  INFO 46996 --- [coupon-service] [SpringApplicationShutdownHook] com.zaxxer.hikari.HikariDataSource       : HikariPool-2 - Shutdown completed.
2026-02-02T12:15:53.018+03:00  INFO 44920 --- [coupon-service] [main] c.o.c.CouponServiceIntegrationTests      : Starting CouponServiceIntegrationTests using Java 22.0.2 with PID 44920 (started by cagla.boynuegri in C:\Users\cagla.boynuegri\IdeaProjects\coupon-service-demo\coupon-service)
2026-02-02T12:15:53.027+03:00 DEBUG 44920 --- [coupon-service] [main] c.o.c.CouponServiceIntegrationTests      : Running with Spring Boot v4.0.2, Spring v7.0.3
2026-02-02T12:15:53.032+03:00  INFO 44920 --- [coupon-service] [main] c.o.c.CouponServiceIntegrationTests      : No active profile set, falling back to 1 default profile: "default"
2026-02-02T12:16:05.790+03:00  INFO 44920 --- [coupon-service] [main] .s.d.r.c.RepositoryConfigurationDelegate : Multiple Spring Data modules found, entering strict repository configuration mode
2026-02-02T12:16:05.809+03:00  INFO 44920 --- [coupon-service] [main] .s.d.r.c.RepositoryConfigurationDelegate : Bootstrapping Spring Data JPA repositories in DEFAULT mode.
2026-02-02T12:16:13.423+03:00  INFO 44920 --- [coupon-service] [main] .s.d.r.c.RepositoryConfigurationDelegate : Finished Spring Data repository scanning in 7383 ms. Found 2 JPA repository interfaces.
2026-02-02T12:16:13.853+03:00  INFO 44920 --- [coupon-service] [main] .s.d.r.c.RepositoryConfigurationDelegate : Multiple Spring Data modules found, entering strict repository configuration mode
2026-02-02T12:16:13.901+03:00  INFO 44920 --- [coupon-service] [main] .s.d.r.c.RepositoryConfigurationDelegate : Bootstrapping Spring Data Redis repositories in DEFAULT mode.
2026-02-02T12:16:14.841+03:00  INFO 44920 --- [coupon-service] [main] .RepositoryConfigurationExtensionSupport : Spring Data Redis - Could not safely identify store assignment for repository candidate interface com.onepin.couponservice.repository.CouponRepository; If you want this repository to be a Redis repository, consider annotating your entities with one of these annotations: org.springframework.data.redis.core.RedisHash (preferred), or consider extending one of the following types with your repository: org.springframework.data.keyvalue.repository.KeyValueRepository
2026-02-02T12:16:14.844+03:00  INFO 44920 --- [coupon-service] [main] .RepositoryConfigurationExtensionSupport : Spring Data Redis - Could not safely identify store assignment for repository candidate interface com.onepin.couponservice.repository.RedemptionRepository; If you want this repository to be a Redis repository, consider annotating your entities with one of these annotations: org.springframework.data.redis.core.RedisHash (preferred), or consider extending one of the following types with your repository: org.springframework.data.keyvalue.repository.KeyValueRepository
2026-02-02T12:16:14.846+03:00  INFO 44920 --- [coupon-service] [main] .s.d.r.c.RepositoryConfigurationDelegate : Finished Spring Data repository scanning in 231 ms. Found 0 Redis repository interfaces.
2026-02-02T12:16:27.008+03:00  INFO 44920 --- [coupon-service] [main] o.s.boot.tomcat.TomcatWebServer          : Tomcat initialized with port 0 (http)
2026-02-02T12:16:27.190+03:00  INFO 44920 --- [coupon-service] [main] o.apache.catalina.core.StandardService   : Starting service [Tomcat]
2026-02-02T12:16:27.195+03:00  INFO 44920 --- [coupon-service] [main] o.apache.catalina.core.StandardEngine    : Starting Servlet engine: [Apache Tomcat/11.0.15]
2026-02-02T12:16:28.753+03:00  INFO 44920 --- [coupon-service] [main] b.w.c.s.WebApplicationContextInitializer : Root WebApplicationContext: initialization completed in 35478 ms
2026-02-02T12:16:33.306+03:00  INFO 44920 --- [coupon-service] [main] org.hibernate.orm.jpa                    : HHH008540: Processing PersistenceUnitInfo [name: default]
2026-02-02T12:16:34.174+03:00  INFO 44920 --- [coupon-service] [main] org.hibernate.orm.core                   : HHH000001: Hibernate ORM core version 7.2.1.Final
2026-02-02T12:16:40.660+03:00  INFO 44920 --- [coupon-service] [main] o.s.o.j.p.SpringPersistenceUnitInfo      : No LoadTimeWeaver setup: ignoring JPA class transformer
2026-02-02T12:16:41.077+03:00  INFO 44920 --- [coupon-service] [main] com.zaxxer.hikari.HikariDataSource       : HikariPool-1 - Starting...
2026-02-02T12:16:42.949+03:00  INFO 44920 --- [coupon-service] [main] com.zaxxer.hikari.pool.HikariPool        : HikariPool-1 - Added connection conn0: url=jdbc:h2:mem:testdb user=SA
2026-02-02T12:16:42.963+03:00  INFO 44920 --- [coupon-service] [main] com.zaxxer.hikari.HikariDataSource       : HikariPool-1 - Start completed.
2026-02-02T12:16:43.226+03:00  WARN 44920 --- [coupon-service] [main] org.hibernate.orm.deprecation            : HHH90000025: H2Dialect does not need to be specified explicitly using 'hibernate.dialect' (remove the property setting and it will be selected by default)
2026-02-02T12:16:43.659+03:00  INFO 44920 --- [coupon-service] [main] org.hibernate.orm.connections.pooling    : HHH10001005: Database info:
	Database JDBC URL [jdbc:h2:mem:testdb]
	Database driver: H2 JDBC Driver
	Database dialect: H2Dialect
	Database version: 2.4.240
	Default catalog/schema: TESTDB/PUBLIC
	Autocommit mode: undefined/unknown
	Isolation level: READ_COMMITTED [default READ_COMMITTED]
	JDBC fetch size: 100
	Pool: DataSourceConnectionProvider
	Minimum pool size: undefined/unknown
	Maximum pool size: undefined/unknown
2026-02-02T12:17:01.140+03:00  INFO 44920 --- [coupon-service] [main] org.hibernate.orm.core                   : HHH000489: No JTA platform available (set 'hibernate.transaction.jta.platform' to enable JTA platform integration)
2026-02-02T12:17:01.220+03:00  INFO 44920 --- [coupon-service] [main] org.hibernate.orm.jdbc.batch             : HHH100501: Automatic JDBC statement batching enabled (maximum batch size 1000)
2026-02-02T12:17:02.024+03:00  INFO 44920 --- [coupon-service] [main] j.LocalContainerEntityManagerFactoryBean : Initialized JPA EntityManagerFactory for persistence unit 'default'
2026-02-02T12:17:03.701+03:00  INFO 44920 --- [coupon-service] [main] o.s.d.j.r.query.QueryEnhancerFactories   : Hibernate is in classpath; If applicable, HQL parser will be used.
2026-02-02T12:17:07.872+03:00  INFO 44920 --- [coupon-service] [main] org.redisson.Version                     : Redisson 4.1.0
2026-02-02T12:17:14.402+03:00  INFO 44920 --- [coupon-service] [redisson-netty-1-6] o.redisson.connection.ConnectionsHolder  : 1 connections initialized for localhost/127.0.0.1:6379
2026-02-02T12:17:16.680+03:00  INFO 44920 --- [coupon-service] [redisson-netty-1-20] o.redisson.connection.ConnectionsHolder  : 24 connections initialized for localhost/127.0.0.1:6379
2026-02-02T12:17:21.066+03:00  WARN 44920 --- [coupon-service] [main] JpaBaseConfiguration$JpaWebConfiguration : spring.jpa.open-in-view is enabled by default. Therefore, database queries may be performed during view rendering. Explicitly configure spring.jpa.open-in-view to disable this warning
2026-02-02T12:17:31.724+03:00  INFO 44920 --- [coupon-service] [main] o.a.c.c.C.[Tomcat].[localhost].[/]       : Initializing Spring TestDispatcherServlet ''
2026-02-02T12:17:31.726+03:00  INFO 44920 --- [coupon-service] [main] o.s.t.web.servlet.TestDispatcherServlet  : Initializing Servlet ''
2026-02-02T12:17:31.777+03:00  INFO 44920 --- [coupon-service] [main] o.s.b.a.e.web.EndpointLinksResolver      : Exposing 13 endpoints beneath base path '/actuator'
2026-02-02T12:17:31.941+03:00  INFO 44920 --- [coupon-service] [main] o.s.t.web.servlet.TestDispatcherServlet  : Completed initialization in 211 ms
2026-02-02T12:17:32.833+03:00  INFO 44920 --- [coupon-service] [main] o.s.boot.tomcat.TomcatWebServer          : Tomcat started on port 49409 (http) with context path '/'
2026-02-02T12:17:33.050+03:00  INFO 44920 --- [coupon-service] [main] c.o.c.CouponServiceIntegrationTests      : Started CouponServiceIntegrationTests in 103.769 seconds (process running for 121.014)
2026-02-02T12:17:33.322+03:00  INFO 44920 --- [coupon-service] [scheduling-1] c.o.couponservice.service.CouponService  : Starting scheduled purge of expired coupons
2026-02-02T12:17:39.304+03:00  INFO 44920 --- [coupon-service] [scheduling-1] c.o.couponservice.service.CouponService  : No expired unused coupons found to purge
2026-02-02T12:17:39.379+03:00  INFO 44920 --- [coupon-service] [pool-2-thread-1] c.o.couponservice.service.CouponService  : Requesting new coupon for user: user-0, type: MEGADEAL
2026-02-02T12:17:39.381+03:00 DEBUG 44920 --- [coupon-service] [pool-2-thread-1] c.o.couponservice.service.CouponService  : Handling MEGADEAL request for user: user-0
2026-02-02T12:17:39.429+03:00  INFO 44920 --- [coupon-service] [pool-2-thread-4] c.o.couponservice.service.CouponService  : Requesting new coupon for user: user-3, type: MEGADEAL
2026-02-02T12:17:39.448+03:00 DEBUG 44920 --- [coupon-service] [pool-2-thread-4] c.o.couponservice.service.CouponService  : Handling MEGADEAL request for user: user-3
2026-02-02T12:17:39.463+03:00  INFO 44920 --- [coupon-service] [pool-2-thread-5] c.o.couponservice.service.CouponService  : Requesting new coupon for user: user-4, type: MEGADEAL
2026-02-02T12:17:39.465+03:00 DEBUG 44920 --- [coupon-service] [pool-2-thread-5] c.o.couponservice.service.CouponService  : Handling MEGADEAL request for user: user-4
2026-02-02T12:17:39.493+03:00  INFO 44920 --- [coupon-service] [pool-2-thread-6] c.o.couponservice.service.CouponService  : Requesting new coupon for user: user-5, type: MEGADEAL
2026-02-02T12:17:39.494+03:00 DEBUG 44920 --- [coupon-service] [pool-2-thread-6] c.o.couponservice.service.CouponService  : Handling MEGADEAL request for user: user-5
2026-02-02T12:17:39.514+03:00  INFO 44920 --- [coupon-service] [pool-2-thread-3] c.o.couponservice.service.CouponService  : Requesting new coupon for user: user-2, type: MEGADEAL
2026-02-02T12:17:39.515+03:00  INFO 44920 --- [coupon-service] [pool-2-thread-2] c.o.couponservice.service.CouponService  : Requesting new coupon for user: user-1, type: MEGADEAL
2026-02-02T12:17:39.515+03:00 DEBUG 44920 --- [coupon-service] [pool-2-thread-3] c.o.couponservice.service.CouponService  : Handling MEGADEAL request for user: user-2
2026-02-02T12:17:39.516+03:00 DEBUG 44920 --- [coupon-service] [pool-2-thread-2] c.o.couponservice.service.CouponService  : Handling MEGADEAL request for user: user-1
2026-02-02T12:17:39.569+03:00  INFO 44920 --- [coupon-service] [pool-2-thread-8] c.o.couponservice.service.CouponService  : Requesting new coupon for user: user-7, type: MEGADEAL
2026-02-02T12:17:39.592+03:00 DEBUG 44920 --- [coupon-service] [pool-2-thread-8] c.o.couponservice.service.CouponService  : Handling MEGADEAL request for user: user-7
2026-02-02T12:17:39.561+03:00  INFO 44920 --- [coupon-service] [pool-2-thread-7] c.o.couponservice.service.CouponService  : Requesting new coupon for user: user-6, type: MEGADEAL
2026-02-02T12:17:39.604+03:00 DEBUG 44920 --- [coupon-service] [pool-2-thread-7] c.o.couponservice.service.CouponService  : Handling MEGADEAL request for user: user-6
2026-02-02T12:17:39.612+03:00  INFO 44920 --- [coupon-service] [pool-2-thread-9] c.o.couponservice.service.CouponService  : Requesting new coupon for user: user-8, type: MEGADEAL
2026-02-02T12:17:39.616+03:00 DEBUG 44920 --- [coupon-service] [pool-2-thread-9] c.o.couponservice.service.CouponService  : Handling MEGADEAL request for user: user-8
2026-02-02T12:17:39.629+03:00  INFO 44920 --- [coupon-service] [pool-2-thread-10] c.o.couponservice.service.CouponService  : Requesting new coupon for user: user-9, type: MEGADEAL
2026-02-02T12:17:39.630+03:00 DEBUG 44920 --- [coupon-service] [pool-2-thread-10] c.o.couponservice.service.CouponService  : Handling MEGADEAL request for user: user-9
2026-02-02T12:17:39.886+03:00  INFO 44920 --- [coupon-service] [pool-2-thread-2] c.o.couponservice.service.CouponService  : Generated new coupon: 283e4bc0-10d8-4794-99bd-22b6c19e455c of type: MEGADEAL
2026-02-02T12:17:39.887+03:00  INFO 44920 --- [coupon-service] [pool-2-thread-4] c.o.couponservice.service.CouponService  : Generated new coupon: a33ee7c4-e7a6-48a6-ba9a-8dd308fc05d8 of type: MEGADEAL
2026-02-02T12:17:39.886+03:00  INFO 44920 --- [coupon-service] [pool-2-thread-1] c.o.couponservice.service.CouponService  : Generated new coupon: f35d3ea6-451d-4924-b0dd-2487110f2283 of type: MEGADEAL
2026-02-02T12:17:39.889+03:00  INFO 44920 --- [coupon-service] [pool-2-thread-5] c.o.couponservice.service.CouponService  : Generated new coupon: 2b08715f-8413-4bab-b37e-844c4854eba5 of type: MEGADEAL
2026-02-02T12:17:39.947+03:00  INFO 44920 --- [coupon-service] [pool-2-thread-3] c.o.couponservice.service.CouponService  : Generated new coupon: a1cf4eba-9258-4ca0-b583-6fad35f3bf35 of type: MEGADEAL
2026-02-02T12:17:40.137+03:00  INFO 44920 --- [coupon-service] [pool-2-thread-11] c.o.couponservice.service.CouponService  : Requesting new coupon for user: user-10, type: MEGADEAL
2026-02-02T12:17:40.138+03:00 DEBUG 44920 --- [coupon-service] [pool-2-thread-11] c.o.couponservice.service.CouponService  : Handling MEGADEAL request for user: user-10
2026-02-02T12:17:40.207+03:00  INFO 44920 --- [coupon-service] [pool-2-thread-9] c.o.couponservice.service.CouponService  : Generated new coupon: d0a32209-5677-4e6c-8002-57da35a2b857 of type: MEGADEAL
2026-02-02T12:17:40.207+03:00  INFO 44920 --- [coupon-service] [pool-2-thread-10] c.o.couponservice.service.CouponService  : Generated new coupon: a6299716-81f3-4241-bdfa-ed8b7fbc0b39 of type: MEGADEAL
2026-02-02T12:17:40.207+03:00  INFO 44920 --- [coupon-service] [pool-2-thread-8] c.o.couponservice.service.CouponService  : Generated new coupon: 5bd8b793-3d15-4d17-8c2b-ee17f4b19b4f of type: MEGADEAL
2026-02-02T12:17:40.207+03:00  INFO 44920 --- [coupon-service] [pool-2-thread-7] c.o.couponservice.service.CouponService  : Generated new coupon: e63894c4-2f20-4fa6-a757-44ade8857ce3 of type: MEGADEAL
2026-02-02T12:17:40.217+03:00  INFO 44920 --- [coupon-service] [pool-2-thread-6] c.o.couponservice.service.CouponService  : Generated new coupon: fcf7d009-ffe9-4e48-878c-0acb86081b9a of type: MEGADEAL
2026-02-02T12:17:40.544+03:00  INFO 44920 --- [coupon-service] [pool-2-thread-11] c.o.couponservice.service.CouponService  : Generated new coupon: 76517817-d6aa-415d-8f46-a9a09b5dd98d of type: MEGADEAL
2026-02-02T12:17:43.581+03:00  INFO 44920 --- [coupon-service] [pool-3-thread-1] c.o.c.controller.CouponController        : Received redemption request for coupon: CONCURRENT-123
2026-02-02T12:17:43.580+03:00  INFO 44920 --- [coupon-service] [pool-3-thread-2] c.o.c.controller.CouponController        : Received redemption request for coupon: CONCURRENT-123
2026-02-02T12:17:43.585+03:00  INFO 44920 --- [coupon-service] [pool-3-thread-1] c.o.couponservice.service.CouponService  : Redeeming coupon: CONCURRENT-123 for user: user-1
2026-02-02T12:17:43.586+03:00  INFO 44920 --- [coupon-service] [pool-3-thread-2] c.o.couponservice.service.CouponService  : Redeeming coupon: CONCURRENT-123 for user: user-2
2026-02-02T12:17:43.763+03:00  INFO 44920 --- [coupon-service] [pool-3-thread-1] c.o.couponservice.service.CouponService  : Successfully redeemed coupon: CONCURRENT-123
2026-02-02T12:17:43.789+03:00  INFO 44920 --- [coupon-service] [pool-3-thread-2] c.o.couponservice.service.CouponService  : Successfully redeemed coupon: CONCURRENT-123
2026-02-02T12:17:43.830+03:00  INFO 44920 --- [coupon-service] [pool-3-thread-2] org.hibernate.orm.jdbc.batch             : HHH100503: JDBC batch still contained JDBC statements on release
2026-02-02T12:17:43.978+03:00  WARN 44920 --- [coupon-service] [pool-3-thread-2] c.o.c.exception.GlobalExceptionHandler   : Optimistic locking failure: Batch update returned unexpected row count from update 0 (expected row count 1 but was 0) [update coupons set current_usages=?,discount_amount=?,expiry_date=?,is_percentage=?,max_usages=?,type=?,version=? where code=? and version=?] for entity [com.onepin.couponservice.model.Coupon with id 'CONCURRENT-123']
2026-02-02T12:17:46.334+03:00  INFO 44920 --- [coupon-service] [main] c.o.c.controller.CouponController        : Received request to upload 2000 coupons
2026-02-02T12:17:46.336+03:00  INFO 44920 --- [coupon-service] [main] c.o.couponservice.service.CouponService  : Uploading 2000 coupons
2026-02-02T12:17:50.596+03:00  INFO 44920 --- [coupon-service] [main] c.o.couponservice.service.CouponService  : Successfully uploaded 2000 coupons
2026-02-02T12:17:55.150+03:00  INFO 44920 --- [coupon-service] [main] c.o.c.controller.CouponController        : Received request to upload 50001 coupons
2026-02-02T12:17:55.157+03:00  INFO 44920 --- [coupon-service] [main] c.o.couponservice.service.CouponService  : Uploading 50001 coupons
2026-02-02T12:17:55.159+03:00 ERROR 44920 --- [coupon-service] [main] c.o.couponservice.service.CouponService  : Batch size 50001 exceeds limit of 50000
2026-02-02T12:17:55.394+03:00  INFO 44920 --- [coupon-service] [pool-4-thread-3] c.o.couponservice.service.CouponService  : Requesting new coupon for user: user-setup-2, type: MEGADEAL
2026-02-02T12:17:55.396+03:00 DEBUG 44920 --- [coupon-service] [pool-4-thread-3] c.o.couponservice.service.CouponService  : Handling MEGADEAL request for user: user-setup-2
2026-02-02T12:17:55.514+03:00  INFO 44920 --- [coupon-service] [pool-4-thread-7] c.o.couponservice.service.CouponService  : Requesting new coupon for user: user-setup-6, type: MEGADEAL
2026-02-02T12:17:55.510+03:00  INFO 44920 --- [coupon-service] [pool-4-thread-4] c.o.couponservice.service.CouponService  : Requesting new coupon for user: user-setup-3, type: MEGADEAL
2026-02-02T12:17:55.514+03:00 DEBUG 44920 --- [coupon-service] [pool-4-thread-7] c.o.couponservice.service.CouponService  : Handling MEGADEAL request for user: user-setup-6
2026-02-02T12:17:55.515+03:00 DEBUG 44920 --- [coupon-service] [pool-4-thread-4] c.o.couponservice.service.CouponService  : Handling MEGADEAL request for user: user-setup-3
2026-02-02T12:17:55.551+03:00  INFO 44920 --- [coupon-service] [pool-4-thread-1] c.o.couponservice.service.CouponService  : Requesting new coupon for user: user-setup-0, type: MEGADEAL
2026-02-02T12:17:55.557+03:00 DEBUG 44920 --- [coupon-service] [pool-4-thread-1] c.o.couponservice.service.CouponService  : Handling MEGADEAL request for user: user-setup-0
2026-02-02T12:17:55.760+03:00  INFO 44920 --- [coupon-service] [pool-4-thread-2] c.o.couponservice.service.CouponService  : Requesting new coupon for user: user-setup-1, type: MEGADEAL
2026-02-02T12:17:55.778+03:00 DEBUG 44920 --- [coupon-service] [pool-4-thread-2] c.o.couponservice.service.CouponService  : Handling MEGADEAL request for user: user-setup-1
2026-02-02T12:17:55.823+03:00  INFO 44920 --- [coupon-service] [pool-4-thread-5] c.o.couponservice.service.CouponService  : Requesting new coupon for user: user-setup-4, type: MEGADEAL
2026-02-02T12:17:55.854+03:00 DEBUG 44920 --- [coupon-service] [pool-4-thread-5] c.o.couponservice.service.CouponService  : Handling MEGADEAL request for user: user-setup-4
2026-02-02T12:17:55.874+03:00  INFO 44920 --- [coupon-service] [pool-4-thread-6] c.o.couponservice.service.CouponService  : Requesting new coupon for user: user-setup-5, type: MEGADEAL
2026-02-02T12:17:55.877+03:00 DEBUG 44920 --- [coupon-service] [pool-4-thread-6] c.o.couponservice.service.CouponService  : Handling MEGADEAL request for user: user-setup-5
2026-02-02T12:17:55.915+03:00  INFO 44920 --- [coupon-service] [pool-4-thread-9] c.o.couponservice.service.CouponService  : Requesting new coupon for user: user-setup-8, type: MEGADEAL
2026-02-02T12:17:55.916+03:00 DEBUG 44920 --- [coupon-service] [pool-4-thread-9] c.o.couponservice.service.CouponService  : Handling MEGADEAL request for user: user-setup-8
2026-02-02T12:17:55.941+03:00  INFO 44920 --- [coupon-service] [pool-4-thread-10] c.o.couponservice.service.CouponService  : Requesting new coupon for user: user-setup-9, type: MEGADEAL
2026-02-02T12:17:55.942+03:00 DEBUG 44920 --- [coupon-service] [pool-4-thread-10] c.o.couponservice.service.CouponService  : Handling MEGADEAL request for user: user-setup-9
2026-02-02T12:17:55.989+03:00  INFO 44920 --- [coupon-service] [pool-4-thread-8] c.o.couponservice.service.CouponService  : Requesting new coupon for user: user-setup-7, type: MEGADEAL
2026-02-02T12:17:55.989+03:00 DEBUG 44920 --- [coupon-service] [pool-4-thread-8] c.o.couponservice.service.CouponService  : Handling MEGADEAL request for user: user-setup-7
2026-02-02T12:17:56.037+03:00  INFO 44920 --- [coupon-service] [pool-4-thread-3] c.o.couponservice.service.CouponService  : Generated new coupon: 65e735a8-27f7-4c8b-8bb1-55d28b6aa5d5 of type: MEGADEAL
2026-02-02T12:17:56.084+03:00  INFO 44920 --- [coupon-service] [pool-4-thread-4] c.o.couponservice.service.CouponService  : Generated new coupon: dde30efd-2cba-4537-84b8-588db1ae2973 of type: MEGADEAL
2026-02-02T12:17:56.084+03:00  INFO 44920 --- [coupon-service] [pool-4-thread-1] c.o.couponservice.service.CouponService  : Generated new coupon: adbde5bd-8846-48c8-b0d2-48eb30b57147 of type: MEGADEAL
2026-02-02T12:17:56.083+03:00  INFO 44920 --- [coupon-service] [pool-4-thread-7] c.o.couponservice.service.CouponService  : Generated new coupon: 3bc8e8e1-6fa1-4be7-bed3-d0803874127d of type: MEGADEAL
2026-02-02T12:17:56.137+03:00  INFO 44920 --- [coupon-service] [pool-4-thread-2] c.o.couponservice.service.CouponService  : Generated new coupon: c4175c4a-3d70-4579-848e-8cc5d1a5c601 of type: MEGADEAL
2026-02-02T12:17:56.346+03:00  INFO 44920 --- [coupon-service] [pool-4-thread-5] c.o.couponservice.service.CouponService  : Generated new coupon: 3c3f4b02-e18e-495c-8ea1-31fffa546f52 of type: MEGADEAL
2026-02-02T12:17:56.348+03:00  INFO 44920 --- [coupon-service] [pool-4-thread-8] c.o.couponservice.service.CouponService  : Generated new coupon: 18a60895-0648-4c55-8ea7-c4ef38c20b73 of type: MEGADEAL
2026-02-02T12:17:56.352+03:00  INFO 44920 --- [coupon-service] [pool-4-thread-10] c.o.couponservice.service.CouponService  : Generated new coupon: 3bb98511-3896-4ba6-aa5b-9f229a858f77 of type: MEGADEAL
2026-02-02T12:17:56.368+03:00  INFO 44920 --- [coupon-service] [pool-4-thread-6] c.o.couponservice.service.CouponService  : Generated new coupon: 95fe4f6b-7fee-4f14-8c0a-feee440975e7 of type: MEGADEAL
2026-02-02T12:17:56.856+03:00  INFO 44920 --- [coupon-service] [pool-4-thread-9] c.o.couponservice.service.CouponService  : Generated new coupon: aba41085-125b-4083-87f8-f239bce2c106 of type: MEGADEAL
2026-02-02T12:17:57.269+03:00  INFO 44920 --- [coupon-service] [pool-5-thread-1] c.o.couponservice.service.CouponService  : Requesting new coupon for user: user-wait, type: MEGADEAL
2026-02-02T12:17:57.293+03:00 DEBUG 44920 --- [coupon-service] [pool-5-thread-1] c.o.couponservice.service.CouponService  : Handling MEGADEAL request for user: user-wait
2026-02-02T12:17:57.406+03:00  INFO 44920 --- [coupon-service] [pool-5-thread-1] c.o.couponservice.service.CouponService  : Generated new coupon: 95da1512-848d-439d-808a-cefa135f9560 of type: MEGADEAL
2026-02-02T12:17:57.542+03:00  INFO 44920 --- [coupon-service] [main] c.o.c.controller.CouponController        : Received redemption request for coupon: EXPIRED-123
2026-02-02T12:17:57.545+03:00  INFO 44920 --- [coupon-service] [main] c.o.couponservice.service.CouponService  : Redeeming coupon: EXPIRED-123 for user: user-1
2026-02-02T12:17:57.551+03:00  WARN 44920 --- [coupon-service] [main] c.o.couponservice.service.CouponService  : Coupon expired: EXPIRED-123
2026-02-02T12:17:57.712+03:00  INFO 44920 --- [coupon-service] [main] c.o.c.controller.CouponController        : Received redemption request for coupon: STANDARD-123
2026-02-02T12:17:57.722+03:00  INFO 44920 --- [coupon-service] [main] c.o.couponservice.service.CouponService  : Redeeming coupon: STANDARD-123 for user: user-1
2026-02-02T12:17:57.750+03:00  INFO 44920 --- [coupon-service] [main] c.o.couponservice.service.CouponService  : Successfully redeemed coupon: STANDARD-123
2026-02-02T12:17:57.840+03:00  INFO 44920 --- [coupon-service] [main] t.c.s.AnnotationConfigContextLoaderUtils : Could not detect default configuration classes for test class [com.onepin.couponservice.CouponServiceIntegrationTests$WhenRateLimitTimeoutIsZero]: WhenRateLimitTimeoutIsZero does not declare any static, non-private, non-final, nested classes annotated with @Configuration.
2026-02-02T12:17:57.881+03:00  INFO 44920 --- [coupon-service] [main] .b.t.c.SpringBootTestContextBootstrapper : Found @SpringBootConfiguration com.onepin.couponservice.CouponServiceApplication for test class com.onepin.couponservice.CouponServiceIntegrationTests$WhenRateLimitTimeoutIsZero
2026-02-02T12:17:58.061+03:00  INFO 44920 --- [coupon-service] [main] egrationTests$WhenRateLimitTimeoutIsZero : Starting CouponServiceIntegrationTests.WhenRateLimitTimeoutIsZero using Java 22.0.2 with PID 44920 (started by cagla.boynuegri in C:\Users\cagla.boynuegri\IdeaProjects\coupon-service-demo\coupon-service)
2026-02-02T12:17:58.062+03:00 DEBUG 44920 --- [coupon-service] [main] egrationTests$WhenRateLimitTimeoutIsZero : Running with Spring Boot v4.0.2, Spring v7.0.3
2026-02-02T12:17:58.063+03:00  INFO 44920 --- [coupon-service] [main] egrationTests$WhenRateLimitTimeoutIsZero : No active profile set, falling back to 1 default profile: "default"
2026-02-02T12:18:01.241+03:00  INFO 44920 --- [coupon-service] [main] .s.d.r.c.RepositoryConfigurationDelegate : Multiple Spring Data modules found, entering strict repository configuration mode
2026-02-02T12:18:01.242+03:00  INFO 44920 --- [coupon-service] [main] .s.d.r.c.RepositoryConfigurationDelegate : Bootstrapping Spring Data JPA repositories in DEFAULT mode.
2026-02-02T12:18:01.411+03:00  INFO 44920 --- [coupon-service] [main] .s.d.r.c.RepositoryConfigurationDelegate : Finished Spring Data repository scanning in 152 ms. Found 2 JPA repository interfaces.
2026-02-02T12:18:01.453+03:00  INFO 44920 --- [coupon-service] [main] .s.d.r.c.RepositoryConfigurationDelegate : Multiple Spring Data modules found, entering strict repository configuration mode
2026-02-02T12:18:01.454+03:00  INFO 44920 --- [coupon-service] [main] .s.d.r.c.RepositoryConfigurationDelegate : Bootstrapping Spring Data Redis repositories in DEFAULT mode.
2026-02-02T12:18:01.537+03:00  INFO 44920 --- [coupon-service] [main] .RepositoryConfigurationExtensionSupport : Spring Data Redis - Could not safely identify store assignment for repository candidate interface com.onepin.couponservice.repository.CouponRepository; If you want this repository to be a Redis repository, consider annotating your entities with one of these annotations: org.springframework.data.redis.core.RedisHash (preferred), or consider extending one of the following types with your repository: org.springframework.data.keyvalue.repository.KeyValueRepository
2026-02-02T12:18:01.539+03:00  INFO 44920 --- [coupon-service] [main] .RepositoryConfigurationExtensionSupport : Spring Data Redis - Could not safely identify store assignment for repository candidate interface com.onepin.couponservice.repository.RedemptionRepository; If you want this repository to be a Redis repository, consider annotating your entities with one of these annotations: org.springframework.data.redis.core.RedisHash (preferred), or consider extending one of the following types with your repository: org.springframework.data.keyvalue.repository.KeyValueRepository
2026-02-02T12:18:01.540+03:00  INFO 44920 --- [coupon-service] [main] .s.d.r.c.RepositoryConfigurationDelegate : Finished Spring Data repository scanning in 68 ms. Found 0 Redis repository interfaces.
2026-02-02T12:18:02.830+03:00  INFO 44920 --- [coupon-service] [main] o.s.boot.tomcat.TomcatWebServer          : Tomcat initialized with port 0 (http)
2026-02-02T12:18:02.838+03:00  INFO 44920 --- [coupon-service] [main] o.apache.catalina.core.StandardService   : Starting service [Tomcat]
2026-02-02T12:18:02.842+03:00  INFO 44920 --- [coupon-service] [main] o.apache.catalina.core.StandardEngine    : Starting Servlet engine: [Apache Tomcat/11.0.15]
2026-02-02T12:18:03.973+03:00  INFO 44920 --- [coupon-service] [main] b.w.c.s.WebApplicationContextInitializer : Root WebApplicationContext: initialization completed in 5900 ms
2026-02-02T12:18:04.540+03:00  INFO 44920 --- [coupon-service] [main] org.hibernate.orm.jpa                    : HHH008540: Processing PersistenceUnitInfo [name: default]
2026-02-02T12:18:04.744+03:00  INFO 44920 --- [coupon-service] [main] o.s.o.j.p.SpringPersistenceUnitInfo      : No LoadTimeWeaver setup: ignoring JPA class transformer
2026-02-02T12:18:04.751+03:00  INFO 44920 --- [coupon-service] [main] com.zaxxer.hikari.HikariDataSource       : HikariPool-2 - Starting...
2026-02-02T12:18:04.758+03:00  INFO 44920 --- [coupon-service] [main] com.zaxxer.hikari.pool.HikariPool        : HikariPool-2 - Added connection conn10: url=jdbc:h2:mem:testdb user=SA
2026-02-02T12:18:04.759+03:00  INFO 44920 --- [coupon-service] [main] com.zaxxer.hikari.HikariDataSource       : HikariPool-2 - Start completed.
2026-02-02T12:18:04.762+03:00  WARN 44920 --- [coupon-service] [main] org.hibernate.orm.deprecation            : HHH90000025: H2Dialect does not need to be specified explicitly using 'hibernate.dialect' (remove the property setting and it will be selected by default)
2026-02-02T12:18:04.764+03:00  INFO 44920 --- [coupon-service] [main] org.hibernate.orm.connections.pooling    : HHH10001005: Database info:
	Database JDBC URL [jdbc:h2:mem:testdb]
	Database driver: H2 JDBC Driver
	Database dialect: H2Dialect
	Database version: 2.4.240
	Default catalog/schema: TESTDB/PUBLIC
	Autocommit mode: undefined/unknown
	Isolation level: READ_COMMITTED [default READ_COMMITTED]
	JDBC fetch size: 100
	Pool: DataSourceConnectionProvider
	Minimum pool size: undefined/unknown
	Maximum pool size: undefined/unknown
2026-02-02T12:18:05.052+03:00  INFO 44920 --- [coupon-service] [main] org.hibernate.orm.core                   : HHH000489: No JTA platform available (set 'hibernate.transaction.jta.platform' to enable JTA platform integration)
2026-02-02T12:18:05.056+03:00  INFO 44920 --- [coupon-service] [main] org.hibernate.orm.jdbc.batch             : HHH100501: Automatic JDBC statement batching enabled (maximum batch size 1000)
2026-02-02T12:18:05.879+03:00  INFO 44920 --- [coupon-service] [main] j.LocalContainerEntityManagerFactoryBean : Initialized JPA EntityManagerFactory for persistence unit 'default'
2026-02-02T12:18:06.213+03:00  INFO 44920 --- [coupon-service] [main] org.redisson.Version                     : Redisson 4.1.0
2026-02-02T12:18:07.776+03:00  INFO 44920 --- [coupon-service] [redisson-netty-5-5] o.redisson.connection.ConnectionsHolder  : 1 connections initialized for localhost/127.0.0.1:6379
2026-02-02T12:18:10.873+03:00  INFO 44920 --- [coupon-service] [redisson-netty-5-20] o.redisson.connection.ConnectionsHolder  : 24 connections initialized for localhost/127.0.0.1:6379
2026-02-02T12:18:11.417+03:00  WARN 44920 --- [coupon-service] [main] JpaBaseConfiguration$JpaWebConfiguration : spring.jpa.open-in-view is enabled by default. Therefore, database queries may be performed during view rendering. Explicitly configure spring.jpa.open-in-view to disable this warning
2026-02-02T12:18:13.318+03:00  INFO 44920 --- [coupon-service] [main] o.a.c.c.C.[Tomcat-1].[localhost].[/]     : Initializing Spring TestDispatcherServlet ''
2026-02-02T12:18:13.320+03:00  INFO 44920 --- [coupon-service] [main] o.s.t.web.servlet.TestDispatcherServlet  : Initializing Servlet ''
2026-02-02T12:18:13.340+03:00  INFO 44920 --- [coupon-service] [main] o.s.b.a.e.web.EndpointLinksResolver      : Exposing 13 endpoints beneath base path '/actuator'
2026-02-02T12:18:13.491+03:00  INFO 44920 --- [coupon-service] [main] o.s.t.web.servlet.TestDispatcherServlet  : Completed initialization in 171 ms
2026-02-02T12:18:13.587+03:00  INFO 44920 --- [coupon-service] [main] o.s.boot.tomcat.TomcatWebServer          : Tomcat started on port 49439 (http) with context path '/'
2026-02-02T12:18:13.617+03:00  INFO 44920 --- [coupon-service] [main] egrationTests$WhenRateLimitTimeoutIsZero : Started CouponServiceIntegrationTests.WhenRateLimitTimeoutIsZero in 15.692 seconds (process running for 161.581)
2026-02-02T12:18:13.685+03:00  INFO 44920 --- [coupon-service] [scheduling-1] c.o.couponservice.service.CouponService  : Starting scheduled purge of expired coupons
2026-02-02T12:18:13.712+03:00  INFO 44920 --- [coupon-service] [scheduling-1] c.o.couponservice.service.CouponService  : No expired unused coupons found to purge
2026-02-02T12:18:13.897+03:00  INFO 44920 --- [coupon-service] [pool-6-thread-2] c.o.c.controller.CouponController        : Received request for new coupon from user: user-1
2026-02-02T12:18:13.898+03:00  INFO 44920 --- [coupon-service] [pool-6-thread-6] c.o.c.controller.CouponController        : Received request for new coupon from user: user-5
2026-02-02T12:18:13.899+03:00  INFO 44920 --- [coupon-service] [pool-6-thread-5] c.o.c.controller.CouponController        : Received request for new coupon from user: user-4
2026-02-02T12:18:13.899+03:00  INFO 44920 --- [coupon-service] [pool-6-thread-2] c.o.couponservice.service.CouponService  : Requesting new coupon for user: user-1, type: MEGADEAL
2026-02-02T12:18:13.899+03:00  INFO 44920 --- [coupon-service] [pool-6-thread-3] c.o.c.controller.CouponController        : Received request for new coupon from user: user-2
2026-02-02T12:18:13.900+03:00 DEBUG 44920 --- [coupon-service] [pool-6-thread-2] c.o.couponservice.service.CouponService  : Handling MEGADEAL request for user: user-1
2026-02-02T12:18:13.900+03:00  INFO 44920 --- [coupon-service] [pool-6-thread-6] c.o.couponservice.service.CouponService  : Requesting new coupon for user: user-5, type: MEGADEAL
2026-02-02T12:18:13.901+03:00  INFO 44920 --- [coupon-service] [pool-6-thread-5] c.o.couponservice.service.CouponService  : Requesting new coupon for user: user-4, type: MEGADEAL
2026-02-02T12:18:13.901+03:00  INFO 44920 --- [coupon-service] [pool-6-thread-3] c.o.couponservice.service.CouponService  : Requesting new coupon for user: user-2, type: MEGADEAL
2026-02-02T12:18:13.901+03:00 DEBUG 44920 --- [coupon-service] [pool-6-thread-6] c.o.couponservice.service.CouponService  : Handling MEGADEAL request for user: user-5
2026-02-02T12:18:13.902+03:00 DEBUG 44920 --- [coupon-service] [pool-6-thread-5] c.o.couponservice.service.CouponService  : Handling MEGADEAL request for user: user-4
2026-02-02T12:18:13.902+03:00 DEBUG 44920 --- [coupon-service] [pool-6-thread-3] c.o.couponservice.service.CouponService  : Handling MEGADEAL request for user: user-2
2026-02-02T12:18:13.911+03:00  INFO 44920 --- [coupon-service] [pool-6-thread-4] c.o.c.controller.CouponController        : Received request for new coupon from user: user-3
2026-02-02T12:18:13.914+03:00  INFO 44920 --- [coupon-service] [pool-6-thread-4] c.o.couponservice.service.CouponService  : Requesting new coupon for user: user-3, type: MEGADEAL
2026-02-02T12:18:13.915+03:00 DEBUG 44920 --- [coupon-service] [pool-6-thread-4] c.o.couponservice.service.CouponService  : Handling MEGADEAL request for user: user-3
2026-02-02T12:18:13.942+03:00  INFO 44920 --- [coupon-service] [pool-6-thread-1] c.o.c.controller.CouponController        : Received request for new coupon from user: user-0
2026-02-02T12:18:13.944+03:00  INFO 44920 --- [coupon-service] [pool-6-thread-1] c.o.couponservice.service.CouponService  : Requesting new coupon for user: user-0, type: MEGADEAL
2026-02-02T12:18:13.945+03:00 DEBUG 44920 --- [coupon-service] [pool-6-thread-1] c.o.couponservice.service.CouponService  : Handling MEGADEAL request for user: user-0
2026-02-02T12:18:13.968+03:00  WARN 44920 --- [coupon-service] [pool-6-thread-2] c.o.couponservice.service.CouponService  : Could not acquire semaphore for MEGADEAL coupon
2026-02-02T12:18:13.989+03:00  INFO 44920 --- [coupon-service] [pool-6-thread-6] c.o.couponservice.service.CouponService  : Generated new coupon: 431db7ce-5ae4-4f42-b0e8-7833614ef032 of type: MEGADEAL
2026-02-02T12:18:13.989+03:00  INFO 44920 --- [coupon-service] [pool-6-thread-3] c.o.couponservice.service.CouponService  : Generated new coupon: c1702a45-d9a1-4fc6-8bf3-e84ab85216f6 of type: MEGADEAL
2026-02-02T12:18:13.991+03:00  INFO 44920 --- [coupon-service] [pool-6-thread-4] c.o.couponservice.service.CouponService  : Generated new coupon: d1871477-e8f2-4a2e-8bac-0ba2d1ac95b7 of type: MEGADEAL
2026-02-02T12:18:14.018+03:00  INFO 44920 --- [coupon-service] [pool-6-thread-1] c.o.couponservice.service.CouponService  : Generated new coupon: ad8abbbc-b40c-4bf9-91cb-b08ce6b1ead6 of type: MEGADEAL
2026-02-02T12:18:14.027+03:00  INFO 44920 --- [coupon-service] [pool-6-thread-5] c.o.couponservice.service.CouponService  : Generated new coupon: cb455361-c620-4762-9788-2dff0bbd7441 of type: MEGADEAL
2026-02-02T12:18:14.160+03:00  INFO 44920 --- [coupon-service] [main] c.o.couponservice.service.CouponService  : Requesting new coupon for user: user-setup-0, type: MEGADEAL
2026-02-02T12:18:14.161+03:00 DEBUG 44920 --- [coupon-service] [main] c.o.couponservice.service.CouponService  : Handling MEGADEAL request for user: user-setup-0
2026-02-02T12:18:14.253+03:00  INFO 44920 --- [coupon-service] [main] c.o.couponservice.service.CouponService  : Generated new coupon: c780c109-9906-4f67-abc8-0d4374392d00 of type: MEGADEAL
2026-02-02T12:18:14.274+03:00  INFO 44920 --- [coupon-service] [main] c.o.couponservice.service.CouponService  : Requesting new coupon for user: user-setup-1, type: MEGADEAL
2026-02-02T12:18:14.275+03:00 DEBUG 44920 --- [coupon-service] [main] c.o.couponservice.service.CouponService  : Handling MEGADEAL request for user: user-setup-1
2026-02-02T12:18:14.319+03:00  INFO 44920 --- [coupon-service] [main] c.o.couponservice.service.CouponService  : Generated new coupon: c4672cf4-a054-4b82-9444-fef988e669d8 of type: MEGADEAL
2026-02-02T12:18:14.453+03:00  INFO 44920 --- [coupon-service] [main] c.o.couponservice.service.CouponService  : Requesting new coupon for user: user-setup-2, type: MEGADEAL
2026-02-02T12:18:14.454+03:00 DEBUG 44920 --- [coupon-service] [main] c.o.couponservice.service.CouponService  : Handling MEGADEAL request for user: user-setup-2
2026-02-02T12:18:14.771+03:00  INFO 44920 --- [coupon-service] [main] c.o.couponservice.service.CouponService  : Generated new coupon: 0b2884af-bcc4-4654-a51d-50eafe60310b of type: MEGADEAL
2026-02-02T12:18:14.891+03:00  INFO 44920 --- [coupon-service] [main] c.o.couponservice.service.CouponService  : Requesting new coupon for user: user-setup-3, type: MEGADEAL
2026-02-02T12:18:14.892+03:00 DEBUG 44920 --- [coupon-service] [main] c.o.couponservice.service.CouponService  : Handling MEGADEAL request for user: user-setup-3
2026-02-02T12:18:14.970+03:00  INFO 44920 --- [coupon-service] [main] c.o.couponservice.service.CouponService  : Generated new coupon: c42574e0-885f-4101-b6f9-7ec04f69103d of type: MEGADEAL
2026-02-02T12:18:15.019+03:00  INFO 44920 --- [coupon-service] [main] c.o.couponservice.service.CouponService  : Requesting new coupon for user: user-setup-4, type: MEGADEAL
2026-02-02T12:18:15.020+03:00 DEBUG 44920 --- [coupon-service] [main] c.o.couponservice.service.CouponService  : Handling MEGADEAL request for user: user-setup-4
2026-02-02T12:18:15.094+03:00  INFO 44920 --- [coupon-service] [main] c.o.couponservice.service.CouponService  : Generated new coupon: e60314ec-92f1-4cbc-874c-16fc9f793cc7 of type: MEGADEAL
2026-02-02T12:18:15.249+03:00  INFO 44920 --- [coupon-service] [main] c.o.couponservice.service.CouponService  : Requesting new coupon for user: user-setup-5, type: MEGADEAL
2026-02-02T12:18:15.250+03:00 DEBUG 44920 --- [coupon-service] [main] c.o.couponservice.service.CouponService  : Handling MEGADEAL request for user: user-setup-5
2026-02-02T12:18:15.350+03:00  INFO 44920 --- [coupon-service] [main] c.o.couponservice.service.CouponService  : Generated new coupon: 513f4893-d7ec-4359-ac05-2dd038bd9bd6 of type: MEGADEAL
2026-02-02T12:18:15.416+03:00  INFO 44920 --- [coupon-service] [main] c.o.couponservice.service.CouponService  : Requesting new coupon for user: user-setup-6, type: MEGADEAL
2026-02-02T12:18:15.420+03:00 DEBUG 44920 --- [coupon-service] [main] c.o.couponservice.service.CouponService  : Handling MEGADEAL request for user: user-setup-6
2026-02-02T12:18:15.762+03:00  INFO 44920 --- [coupon-service] [main] c.o.couponservice.service.CouponService  : Generated new coupon: 1e9a6487-57ee-4b24-a0d6-bad966fd8ac7 of type: MEGADEAL
2026-02-02T12:18:15.803+03:00  INFO 44920 --- [coupon-service] [main] c.o.couponservice.service.CouponService  : Requesting new coupon for user: user-setup-7, type: MEGADEAL
2026-02-02T12:18:15.804+03:00 DEBUG 44920 --- [coupon-service] [main] c.o.couponservice.service.CouponService  : Handling MEGADEAL request for user: user-setup-7
2026-02-02T12:18:16.006+03:00  INFO 44920 --- [coupon-service] [main] c.o.couponservice.service.CouponService  : Generated new coupon: 0c2f6e88-2b25-481e-85a0-188a66fc2689 of type: MEGADEAL
2026-02-02T12:18:16.145+03:00  INFO 44920 --- [coupon-service] [main] c.o.couponservice.service.CouponService  : Requesting new coupon for user: user-setup-8, type: MEGADEAL
2026-02-02T12:18:16.145+03:00 DEBUG 44920 --- [coupon-service] [main] c.o.couponservice.service.CouponService  : Handling MEGADEAL request for user: user-setup-8
2026-02-02T12:18:16.326+03:00  INFO 44920 --- [coupon-service] [main] c.o.couponservice.service.CouponService  : Generated new coupon: 9c104816-91c8-4d9d-8120-8f34c7a1bd49 of type: MEGADEAL
2026-02-02T12:18:16.375+03:00  INFO 44920 --- [coupon-service] [main] c.o.couponservice.service.CouponService  : Requesting new coupon for user: user-setup-9, type: MEGADEAL
2026-02-02T12:18:16.379+03:00 DEBUG 44920 --- [coupon-service] [main] c.o.couponservice.service.CouponService  : Handling MEGADEAL request for user: user-setup-9
2026-02-02T12:18:16.547+03:00  INFO 44920 --- [coupon-service] [main] c.o.couponservice.service.CouponService  : Generated new coupon: a9ebacfc-2395-4dea-b36d-603d77767374 of type: MEGADEAL
2026-02-02T12:18:16.618+03:00  INFO 44920 --- [coupon-service] [main] c.o.c.controller.CouponController        : Received request for new coupon from user: user-failing
2026-02-02T12:18:16.620+03:00  INFO 44920 --- [coupon-service] [main] c.o.couponservice.service.CouponService  : Requesting new coupon for user: user-failing, type: MEGADEAL
2026-02-02T12:18:16.621+03:00 DEBUG 44920 --- [coupon-service] [main] c.o.couponservice.service.CouponService  : Handling MEGADEAL request for user: user-failing
2026-02-02T12:18:16.679+03:00  INFO 44920 --- [coupon-service] [main] c.o.couponservice.service.CouponService  : Generated new coupon: 5ff04c3a-0ff4-4461-a5d8-49c0817e69f5 of type: MEGADEAL
2026-02-02T12:18:17.023+03:00  INFO 44920 --- [coupon-service] [SpringApplicationShutdownHook] o.s.boot.tomcat.GracefulShutdown         : Commencing graceful shutdown. Waiting for active requests to complete
2026-02-02T12:18:17.831+03:00  INFO 44920 --- [coupon-service] [tomcat-shutdown] o.s.boot.tomcat.GracefulShutdown         : Graceful shutdown complete
2026-02-02T12:18:18.042+03:00  INFO 44920 --- [coupon-service] [SpringApplicationShutdownHook] j.LocalContainerEntityManagerFactoryBean : Closing JPA EntityManagerFactory for persistence unit 'default'
2026-02-02T12:18:18.059+03:00  INFO 44920 --- [coupon-service] [SpringApplicationShutdownHook] com.zaxxer.hikari.HikariDataSource       : HikariPool-1 - Shutdown initiated...
2026-02-02T12:18:18.113+03:00  INFO 44920 --- [coupon-service] [SpringApplicationShutdownHook] com.zaxxer.hikari.HikariDataSource       : HikariPool-1 - Shutdown completed.
2026-02-02T12:18:25.986+03:00  INFO 44920 --- [coupon-service] [SpringApplicationShutdownHook] o.s.boot.tomcat.GracefulShutdown         : Commencing graceful shutdown. Waiting for active requests to complete
2026-02-02T12:18:26.979+03:00  INFO 44920 --- [coupon-service] [tomcat-shutdown] o.s.boot.tomcat.GracefulShutdown         : Graceful shutdown complete
2026-02-02T12:18:27.137+03:00  INFO 44920 --- [coupon-service] [SpringApplicationShutdownHook] j.LocalContainerEntityManagerFactoryBean : Closing JPA EntityManagerFactory for persistence unit 'default'
2026-02-02T12:18:27.142+03:00  INFO 44920 --- [coupon-service] [SpringApplicationShutdownHook] com.zaxxer.hikari.HikariDataSource       : HikariPool-2 - Shutdown initiated...
2026-02-02T12:18:27.194+03:00  INFO 44920 --- [coupon-service] [SpringApplicationShutdownHook] com.zaxxer.hikari.HikariDataSource       : HikariPool-2 - Shutdown completed.
